"pid","wave","item_id","value","answer_status","missing_code","source_mode","answered"
"P000001",2019,"EMP","retired","answered",,"paper",1
"P000001",2019,"INC",,"not_applicable","not_applicable","paper",0
"P000001",2019,"LSAT","7","answered",,"paper",1
"P000001",2019,"TRN",,"not_applicable","not_applicable","paper",0
"P000002",2019,"EMP","employed","answered",,"phone",1
"P000002",2019,"INC","2590","answered",,"phone",1
"P000002",2019,"LSAT","7","answered",,"phone",1
"P000002",2019,"TRN",,"no_answer","no_answer","phone",0
"P000003",2019,"EMP","employed","answered",,"phone",1
"P000003",2019,"INC","940","answered",,"phone",1
"P000003",2019,"LSAT","6","answered",,"phone",1
"P000003",2019,"TRN","7","answered",,"phone",1
"P000004",2019,"EMP","employed","answered",,"web",1
"P000004",2019,"INC","1170","answered",,"web",1
"P000004",2019,"LSAT","6","answered",,"web",1
"P000004",2019,"TRN","3","answered",,"web",1
"P000005",2019,"EMP","not_in_labor_force","answered",,"web",1
"P000005",2019,"INC",,"not_applicable","not_applicable","web",0
"P000005",2019,"LSAT","6","answered",,"web",1
"P000005",2019,"TRN",,"not_applicable","not_applicable","web",0
"P000006",2019,"EMP","unemployed","answered",,"web",1
"P000006",2019,"INC",,"not_applicable","not_applicable","web",0
"P000006",2019,"LSAT","6","answered",,"web",1
"P000006",2019,"TRN",,"not_applicable","not_applicable","web",0
"P000007",2019,"EMP","education","answered",,"web",1
"P000007",2019,"INC",,"not_applicable","not_applicable","web",0
"P000007",2019,"LSAT","6","answered",,"web",1
"P000007",2019,"TRN","13","answered",,"web",1
"P000008",2019,"EMP","retired","answered",,"web",1
"P000008",2019,"INC",,"not_applicable","not_applicable","web",0
"P000008",2019,"LSAT","6","answered",,"web",1
"P000008",2019,"TRN",,"not_applicable","not_applicable","web",0
"P000009",2019,"EMP","employed","answered",,"web",1
"P000009",2019,"INC","2310","answered",,"web",1
"P000009",2019,"LSAT","7","answered",,"web",1
"P000009",2019,"TRN","3","answered",,"web",1
"P000010",2019,"EMP","retired","answered",,"web",1
"P000010",2019,"INC",,"not_applicable","not_applicable","web",0
"P000010",2019,"LSAT","6","answered",,"web",1
"P000010",2019,"TRN",,"not_applicable","not_applicable","web",0
"P000011",2019,"EMP","education","answered",,"web",1
"P000011",2019,"INC",,"not_applicable","not_applicable","web",0
"P000011",2019,"LSAT","7","answered",,"web",1
"P000011",2019,"TRN","9","answered",,"web",1
"P000012",2019,"EMP","employed","answered",,"web",1
"P000012",2019,"INC","1820","answered",,"web",1
"P000012",2019,"LSAT","7","answered",,"web",1
"P000012",2019,"TRN","3","answered",,"web",1
"P000013",2019,"EMP","not_in_labor_force","answered",,"web",1
"P000013",2019,"INC",,"not_applicable","not_applicable","web",0
"P000013",2019,"LSAT","6","answered",,"web",1
"P000013",2019,"TRN",,"not_applicable","not_applicable","web",0
"P000014",2019,"EMP","unemployed","answered",,"phone",1
"P000014",2019,"INC",,"not_applicable","not_applicable","phone",0
"P000014",2019,"LSAT","6","answered",,"phone",1
"P000014",2019,"TRN",,"not_applicable","not_applicable","phone",0
"P000015",2019,"EMP","retired","answered",,"paper",1
"P000015",2019,"INC",,"not_applicable","not_applicable","paper",0
"P000015",2019,"LSAT","6","answered",,"paper",1
"P000015",2019,"TRN",,"not_applicable","not_applicable","paper",0
"P000016",2019,"EMP","education","answered",,"phone",1
"P000016",2019,"INC",,"not_applicable","not_applicable","phone",0
"P000016",2019,"LSAT","6","answered",,"phone",1
"P000016",2019,"TRN","10","answered",,"phone",1
"P000017",2019,"EMP","retired","answered",,"web",1
"P000017",2019,"INC",,"not_applicable","not_applicable","web",0
"P000017",2019,"LSAT","6","answered",,"web",1
"P000017",2019,"TRN",,"not_applicable","not_applicable","web",0
"P000018",2019,"EMP","unemployed","answered",,"phone",1
"P000018",2019,"INC",,"not_applicable","not_applicable","phone",0
"P000018",2019,"LSAT","6","answered",,"phone",1
"P000018",2019,"TRN",,"not_applicable","not_applicable","phone",0
"P000019",2019,"EMP","retired","answered",,"web",1
"P000019",2019,"INC",,"not_applicable","not_applicable","web",0
"P000019",2019,"LSAT","6","answered",,"web",1
"P000019",2019,"TRN",,"not_applicable","not_applicable","web",0
"P000020",2019,"EMP","education","answered",,"web",1
"P000020",2019,"INC",,"not_applicable","not_applicable","web",0
"P000020",2019,"LSAT","7","answered",,"web",1
"P000020",2019,"TRN","9","answered",,"web",1
"P000021",2019,"EMP","retired","answered",,"phone",1
"P000021",2019,"INC",,"not_applicable","not_applicable","phone",0
"P000021",2019,"LSAT","7","answered",,"phone",1
"P000021",2019,"TRN",,"not_applicable","not_applicable","phone",0
"P000022",2019,"EMP","employed","answered",,"web",1
"P000022",2019,"INC","2610","answered",,"web",1
"P000022",2019,"LSAT","7","answered",,"web",1
"P000022",2019,"TRN","7","answered",,"web",1
"P000023",2019,"EMP","employed","answered",,"web",1
"P000023",2019,"INC","1680","answered",,"web",1
"P000023",2019,"LSAT","7","answered",,"web",1
"P000023",2019,"TRN","4","answered",,"web",1
"P000024",2019,"EMP","unemployed","answered",,"web",1
"P000024",2019,"INC",,"not_applicable","not_applicable","web",0
"P000024",2019,"LSAT","6","answered",,"web",1
"P000024",2019,"TRN",,"not_applicable","not_applicable","web",0
"P000025",2019,"EMP","unemployed","answered",,"web",1
"P000025",2019,"INC",,"not_applicable","not_applicable","web",0
"P000025",2019,"LSAT","6","answered",,"web",1
"P000025",2019,"TRN",,"not_applicable","not_applicable","web",0
"P000026",2019,"EMP","retired","answered",,"phone",1
"P000026",2019,"INC",,"not_applicable","not_applicable","phone",0
"P000026",2019,"LSAT","6","answered",,"phone",1
"P000026",2019,"TRN",,"not_applicable","not_applicable","phone",0
"P000027",2019,"EMP","employed","answered",,"web",1
"P000027",2019,"INC","1720","answered",,"web",1
"P000027",2019,"LSAT","7","answered",,"web",1
"P000027",2019,"TRN","8","answered",,"web",1
"P000028",2019,"EMP","employed","answered",,"web",1
"P000028",2019,"INC","1930","answered",,"web",1
"P000028",2019,"LSAT","6","answered",,"web",1
"P000028",2019,"TRN","5","answered",,"web",1
"P000029",2019,"EMP","employed","answered",,"web",1
"P000029",2019,"INC","4670","answered",,"web",1
"P000029",2019,"LSAT","7","answered",,"web",1
"P000029",2019,"TRN","7","answered",,"web",1
"P000030",2019,"EMP","unemployed","answered",,"phone",1
"P000030",2019,"INC",,"not_applicable","not_applicable","phone",0
"P000030",2019,"LSAT","6","answered",,"phone",1
"P000030",2019,"TRN",,"not_applicable","not_applicable","phone",0
"P000031",2019,"EMP","unemployed","answered",,"web",1
"P000031",2019,"INC",,"not_applicable","not_applicable","web",0
"P000031",2019,"LSAT","5","answered",,"web",1
"P000031",2019,"TRN",,"not_applicable","not_applicable","web",0
"P000032",2019,"EMP","unemployed","answered",,"paper",1
"P000032",2019,"INC",,"not_applicable","not_applicable","paper",0
"P000032",2019,"LSAT","6","answered",,"paper",1
"P000032",2019,"TRN",,"not_applicable","not_applicable","paper",0
"P000033",2019,"EMP","unemployed","answered",,"web",1
"P000033",2019,"INC",,"not_applicable","not_applicable","web",0
"P000033",2019,"LSAT","6","answered",,"web",1
"P000033",2019,"TRN",,"not_applicable","not_applicable","web",0
"P000034",2019,"EMP","not_in_labor_force","answered",,"web",1
"P000034",2019,"INC",,"not_applicable","not_applicable","web",0
"P000034",2019,"LSAT","6","answered",,"web",1
"P000034",2019,"TRN",,"not_applicable","not_applicable","web",0
"P000035",2019,"EMP","not_in_labor_force","answered",,"web",1
"P000035",2019,"INC",,"not_applicable","not_applicable","web",0
"P000035",2019,"LSAT","7","answered",,"web",1
"P000035",2019,"TRN",,"not_applicable","not_applicable","web",0
"P000036",2019,"EMP","not_in_labor_force","answered",,"web",1
"P000036",2019,"INC",,"not_applicable","not_applicable","web",0
"P000036",2019,"LSAT","6","answered",,"web",1
"P000036",2019,"TRN",,"not_applicable","not_applicable","web",0
"P000037",2019,"EMP","employed","answered",,"web",1
"P000037",2019,"INC","1180","answered",,"web",1
"P000037",2019,"LSAT","7","answered",,"web",1
"P000037",2019,"TRN","3","answered",,"web",1
"P000038",2019,"EMP","employed","answered",,"web",1
"P000038",2019,"INC","2660","answered",,"web",1
"P000038",2019,"LSAT","7","answered",,"web",1
"P000038",2019,"TRN","5","answered",,"web",1
"P000039",2019,"EMP","employed","answered",,"web",1
"P000039",2019,"INC","1860","answered",,"web",1
"P000039",2019,"LSAT","7","answered",,"web",1
"P000039",2019,"TRN","5","answered",,"web",1
"P000040",2019,"EMP","employed","answered",,"web",1
"P000040",2019,"INC",,"no_answer","no_answer","web",0
"P000040",2019,"LSAT","6","answered",,"web",1
"P000040",2019,"TRN",,"no_answer","no_answer","web",0
"P000041",2019,"EMP","retired","answered",,"phone",1
"P000041",2019,"INC",,"not_applicable","not_applicable","phone",0
"P000041",2019,"LSAT","6","answered",,"phone",1
"P000041",2019,"TRN",,"not_applicable","not_applicable","phone",0
"P000042",2019,"EMP","not_in_labor_force","answered",,"phone",1
"P000042",2019,"INC",,"not_applicable","not_applicable","phone",0
"P000042",2019,"LSAT","7","answered",,"phone",1
"P000042",2019,"TRN",,"not_applicable","not_applicable","phone",0
"P000043",2019,"EMP","employed","answered",,"web",1
"P000043",2019,"INC","3090","answered",,"web",1
"P000043",2019,"LSAT","7","answered",,"web",1
"P000043",2019,"TRN","6","answered",,"web",1
"P000044",2019,"EMP","education","answered",,"phone",1
"P000044",2019,"INC",,"not_applicable","not_applicable","phone",0
"P000044",2019,"LSAT","5","answered",,"phone",1
"P000044",2019,"TRN","8","answered",,"phone",1
"P000045",2019,"EMP","retired","answered",,"web",1
"P000045",2019,"INC",,"not_applicable","not_applicable","web",0
"P000045",2019,"LSAT","7","answered",,"web",1
"P000045",2019,"TRN",,"not_applicable","not_applicable","web",0
"P000046",2019,"EMP","employed","answered",,"web",1
"P000046",2019,"INC","2090","answered",,"web",1
"P000046",2019,"LSAT","7","answered",,"web",1
"P000046",2019,"TRN","6","answered",,"web",1
"P000047",2019,"EMP","retired","answered",,"web",1
"P000047",2019,"INC",,"not_applicable","not_applicable","web",0
"P000047",2019,"LSAT","6","answered",,"web",1
"P000047",2019,"TRN",,"not_applicable","not_applicable","web",0
"P000048",2019,"EMP","employed","answered",,"phone",1
"P000048",2019,"INC","3020","answered",,"phone",1
"P000048",2019,"LSAT","8","answered",,"phone",1
"P000048",2019,"TRN","3","answered",,"phone",1
"P000049",2019,"EMP","not_in_labor_force","answered",,"web",1
"P000049",2019,"INC",,"not_applicable","not_applicable","web",0
"P000049",2019,"LSAT","6","answered",,"web",1
"P000049",2019,"TRN",,"not_applicable","not_applicable","web",0
"P000050",2019,"EMP","retired","answered",,"paper",1
"P000050",2019,"INC",,"not_applicable","not_applicable","paper",0
"P000050",2019,"LSAT","5","answered",,"paper",1
"P000050",2019,"TRN",,"not_applicable","not_applicable","paper",0
"P000051",2019,"EMP","unemployed","answered",,"phone",1
"P000051",2019,"INC",,"not_applicable","not_applicable","phone",0
"P000051",2019,"LSAT",,"no_answer","no_answer","phone",0
"P000051",2019,"TRN",,"not_applicable","not_applicable","phone",0
"P000052",2019,"EMP","employed","answered",,"web",1
"P000052",2019,"INC","760","answered",,"web",1
"P000052",2019,"LSAT","6","answered",,"web",1
"P000052",2019,"TRN","4","answered",,"web",1
"P000053",2019,"EMP","employed","answered",,"phone",1
"P000053",2019,"INC","2200","answered",,"phone",1
"P000053",2019,"LSAT","7","answered",,"phone",1
"P000053",2019,"TRN","2","answered",,"phone",1
"P000054",2019,"EMP","employed","answered",,"web",1
"P000054",2019,"INC","860","answered",,"web",1
"P000054",2019,"LSAT","6","answered",,"web",1
"P000054",2019,"TRN","7","answered",,"web",1
"P000055",2019,"EMP","employed","answered",,"web",1
"P000055",2019,"INC",,"no_answer","no_answer","web",0
"P000055",2019,"LSAT","7","answered",,"web",1
"P000055",2019,"TRN","6","answered",,"web",1
"P000056",2019,"EMP","employed","answered",,"phone",1
"P000056",2019,"INC","1530","answered",,"phone",1
"P000056",2019,"LSAT","6","answered",,"phone",1
"P000056",2019,"TRN","7","answered",,"phone",1
"P000057",2019,"EMP","not_in_labor_force","answered",,"web",1
"P000057",2019,"INC",,"not_applicable","not_applicable","web",0
"P000057",2019,"LSAT","7","answered",,"web",1
"P000057",2019,"TRN",,"not_applicable","not_applicable","web",0
"P000058",2019,"EMP","employed","answered",,"phone",1
"P000058",2019,"INC","2250","answered",,"phone",1
"P000058",2019,"LSAT","7","answered",,"phone",1
"P000058",2019,"TRN","7","answered",,"phone",1
"P000059",2019,"EMP","retired","answered",,"web",1
"P000059",2019,"INC",,"not_applicable","not_applicable","web",0
"P000059",2019,"LSAT","6","answered",,"web",1
"P000059",2019,"TRN",,"not_applicable","not_applicable","web",0
"P000060",2019,"EMP","employed","answered",,"phone",1
"P000060",2019,"INC","690","answered",,"phone",1
"P000060",2019,"LSAT","6","answered",,"phone",1
"P000060",2019,"TRN","5","answered",,"phone",1
"P000061",2019,"EMP","not_in_labor_force","answered",,"web",1
"P000061",2019,"INC",,"not_applicable","not_applicable","web",0
"P000061",2019,"LSAT","6","answered",,"web",1
"P000061",2019,"TRN",,"not_applicable","not_applicable","web",0
"P000062",2019,"EMP","education","answered",,"web",1
"P000062",2019,"INC",,"not_applicable","not_applicable","web",0
"P000062",2019,"LSAT","6","answered",,"web",1
"P000062",2019,"TRN","7","answered",,"web",1
"P000063",2019,"EMP","education","answered",,"phone",1
"P000063",2019,"INC",,"not_applicable","not_applicable","phone",0
"P000063",2019,"LSAT","6","answered",,"phone",1
"P000063",2019,"TRN","6","answered",,"phone",1
"P000064",2019,"EMP","employed","answered",,"phone",1
"P000064",2019,"INC","2180","answered",,"phone",1
"P000064",2019,"LSAT","7","answered",,"phone",1
"P000064",2019,"TRN","6","answered",,"phone",1
"P000065",2019,"EMP","unemployed","answered",,"web",1
"P000065",2019,"INC",,"not_applicable","not_applicable","web",0
"P000065",2019,"LSAT","6","answered",,"web",1
"P000065",2019,"TRN",,"not_applicable","not_applicable","web",0
"P000066",2019,"EMP","employed","answered",,"web",1
"P000066",2019,"INC","2600","answered",,"web",1
"P000066",2019,"LSAT","7","answered",,"web",1
"P000066",2019,"TRN","4","answered",,"web",1
"P000067",2019,"EMP","not_in_labor_force","answered",,"web",1
"P000067",2019,"INC",,"not_applicable","not_applicable","web",0
"P000067",2019,"LSAT","7","answered",,"web",1
"P000067",2019,"TRN",,"not_applicable","not_applicable","web",0
"P000068",2019,"EMP","not_in_labor_force","answered",,"web",1
"P000068",2019,"INC",,"not_applicable","not_applicable","web",0
"P000068",2019,"LSAT","6","answered",,"web",1
"P000068",2019,"TRN",,"not_applicable","not_applicable","web",0
"P000069",2019,"EMP","employed","answered",,"web",1
"P000069",2019,"INC","2000","answered",,"web",1
"P000069",2019,"LSAT","7","answered",,"web",1
"P000069",2019,"TRN","3","answered",,"web",1
"P000070",2019,"EMP","employed","answered",,"web",1
"P000070",2019,"INC","3710","answered",,"web",1
"P000070",2019,"LSAT","7","answered",,"web",1
"P000070",2019,"TRN","4","answered",,"web",1
"P000071",2019,"EMP","retired","answered",,"web",1
"P000071",2019,"INC",,"not_applicable","not_applicable","web",0
"P000071",2019,"LSAT","6","answered",,"web",1
"P000071",2019,"TRN",,"not_applicable","not_applicable","web",0
"P000072",2019,"EMP","retired","answered",,"web",1
"P000072",2019,"INC",,"not_applicable","not_applicable","web",0
"P000072",2019,"LSAT","6","answered",,"web",1
"P000072",2019,"TRN",,"not_applicable","not_applicable","web",0
"P000073",2019,"EMP","retired","answered",,"phone",1
"P000073",2019,"INC",,"not_applicable","not_applicable","phone",0
"P000073",2019,"LSAT","7","answered",,"phone",1
"P000073",2019,"TRN",,"not_applicable","not_applicable","phone",0
"P000074",2019,"EMP","employed","answered",,"phone",1
"P000074",2019,"INC",,"no_answer","no_answer","phone",0
"P000074",2019,"LSAT","6","answered",,"phone",1
"P000074",2019,"TRN","3","answered",,"phone",1
"P000075",2019,"EMP","employed","answered",,"web",1
"P000075",2019,"INC","3910","answered",,"web",1
"P000075",2019,"LSAT","7","answered",,"web",1
"P000075",2019,"TRN","4","answered",,"web",1
"P000076",2019,"EMP","retired","answered",,"web",1
"P000076",2019,"INC",,"not_applicable","not_applicable","web",0
"P000076",2019,"LSAT","7","answered",,"web",1
"P000076",2019,"TRN",,"not_applicable","not_applicable","web",0
"P000077",2019,"EMP","employed","answered",,"web",1
"P000077",2019,"INC","2980","answered",,"web",1
"P000077",2019,"LSAT","7","answered",,"web",1
"P000077",2019,"TRN","9","answered",,"web",1
"P000078",2019,"EMP","retired","answered",,"phone",1
"P000078",2019,"INC",,"not_applicable","not_applicable","phone",0
"P000078",2019,"LSAT","6","answered",,"phone",1
"P000078",2019,"TRN",,"not_applicable","not_applicable","phone",0
"P000079",2019,"EMP","retired","answered",,"web",1
"P000079",2019,"INC",,"not_applicable","not_applicable","web",0
"P000079",2019,"LSAT","6","answered",,"web",1
"P000079",2019,"TRN",,"not_applicable","not_applicable","web",0
"P000080",2019,"EMP","employed","answered",,"phone",1
"P000080",2019,"INC","1220","answered",,"phone",1
"P000080",2019,"LSAT","7","answered",,"phone",1
"P000080",2019,"TRN","9","answered",,"phone",1
"P000081",2019,"EMP","retired","answered",,"web",1
"P000081",2019,"INC",,"not_applicable","not_applicable","web",0
"P000081",2019,"LSAT","6","answered",,"web",1
"P000081",2019,"TRN",,"not_applicable","not_applicable","web",0
"P000082",2019,"EMP","unemployed","answered",,"web",1
"P000082",2019,"INC",,"not_applicable","not_applicable","web",0
"P000082",2019,"LSAT","6","answered",,"web",1
"P000082",2019,"TRN",,"not_applicable","not_applicable","web",0
"P000083",2019,"EMP","retired","answered",,"web",1
"P000083",2019,"INC",,"not_applicable","not_applicable","web",0
"P000083",2019,"LSAT","6","answered",,"web",1
"P000083",2019,"TRN",,"not_applicable","not_applicable","web",0
"P000084",2019,"EMP","employed","answered",,"paper",1
"P000084",2019,"INC","3930","answered",,"paper",1
"P000084",2019,"LSAT","7","answered",,"paper",1
"P000084",2019,"TRN","4","answered",,"paper",1
"P000085",2019,"EMP","employed","answered",,"web",1
"P000085",2019,"INC","2060","answered",,"web",1
"P000085",2019,"LSAT","7","answered",,"web",1
"P000085",2019,"TRN","5","answered",,"web",1
"P000086",2019,"EMP","employed","answered",,"web",1
"P000086",2019,"INC","1890","answered",,"web",1
"P000086",2019,"LSAT","7","answered",,"web",1
"P000086",2019,"TRN","6","answered",,"web",1
"P000087",2019,"EMP","employed","answered",,"web",1
"P000087",2019,"INC","2550","answered",,"web",1
"P000087",2019,"LSAT","6","answered",,"web",1
"P000087",2019,"TRN","2","answered",,"web",1
"P000088",2019,"EMP","employed","answered",,"web",1
"P000088",2019,"INC","1950","answered",,"web",1
"P000088",2019,"LSAT","7","answered",,"web",1
"P000088",2019,"TRN","4","answered",,"web",1
"P000089",2019,"EMP","retired","answered",,"web",1
"P000089",2019,"INC",,"not_applicable","not_applicable","web",0
"P000089",2019,"LSAT","6","answered",,"web",1
"P000089",2019,"TRN",,"not_applicable","not_applicable","web",0
"P000090",2019,"EMP","unemployed","answered",,"web",1
"P000090",2019,"INC",,"not_applicable","not_applicable","web",0
"P000090",2019,"LSAT","6","answered",,"web",1
"P000090",2019,"TRN",,"not_applicable","not_applicable","web",0
"P000091",2019,"EMP","not_in_labor_force","answered",,"phone",1
"P000091",2019,"INC",,"not_applicable","not_applicable","phone",0
"P000091",2019,"LSAT","6","answered",,"phone",1
"P000091",2019,"TRN",,"not_applicable","not_applicable","phone",0
"P000092",2019,"EMP","unemployed","answered",,"web",1
"P000092",2019,"INC",,"not_applicable","not_applicable","web",0
"P000092",2019,"LSAT",,"no_answer","no_answer","web",0
"P000092",2019,"TRN",,"not_applicable","not_applicable","web",0
"P000093",2019,"EMP","retired","answered",,"web",1
"P000093",2019,"INC",,"not_applicable","not_applicable","web",0
"P000093",2019,"LSAT","6","answered",,"web",1
"P000093",2019,"TRN",,"not_applicable","not_applicable","web",0
"P000094",2019,"EMP","retired","answered",,"web",1
"P000094",2019,"INC",,"not_applicable","not_applicable","web",0
"P000094",2019,"LSAT","7","answered",,"web",1
"P000094",2019,"TRN",,"not_applicable","not_applicable","web",0
"P000095",2019,"EMP","employed","answered",,"phone",1
"P000095",2019,"INC","2560","answered",,"phone",1
"P000095",2019,"LSAT","7","answered",,"phone",1
"P000095",2019,"TRN","8","answered",,"phone",1
"P000096",2019,"EMP","employed","answered",,"paper",1
"P000096",2019,"INC","1470","answered",,"paper",1
"P000096",2019,"LSAT","7","answered",,"paper",1
"P000096",2019,"TRN","7","answered",,"paper",1
"P000097",2019,"EMP","unemployed","answered",,"phone",1
"P000097",2019,"INC",,"not_applicable","not_applicable","phone",0
"P000097",2019,"LSAT","6","answered",,"phone",1
"P000097",2019,"TRN",,"not_applicable","not_applicable","phone",0
"P000098",2019,"EMP","employed","answered",,"web",1
"P000098",2019,"INC","2640","answered",,"web",1
"P000098",2019,"LSAT","7","answered",,"web",1
"P000098",2019,"TRN","5","answered",,"web",1
"P000099",2019,"EMP","unemployed","answered",,"web",1
"P000099",2019,"INC",,"not_applicable","not_applicable","web",0
"P000099",2019,"LSAT","7","answered",,"web",1
"P000099",2019,"TRN",,"not_applicable","not_applicable","web",0
"P000100",2019,"EMP","employed","answered",,"paper",1
"P000100",2019,"INC","2420","answered",,"paper",1
"P000100",2019,"LSAT","7","answered",,"paper",1
"P000100",2019,"TRN","2","answered",,"paper",1
"P000101",2019,"EMP","not_in_labor_force","answered",,"phone",1
"P000101",2019,"INC",,"not_applicable","not_applicable","phone",0
"P000101",2019,"LSAT","6","answered",,"phone",1
"P000101",2019,"TRN",,"not_applicable","not_applicable","phone",0
"P000102",2019,"EMP","retired","answered",,"paper",1
"P000102",2019,"INC",,"not_applicable","not_applicable","paper",0
"P000102",2019,"LSAT","6","answered",,"paper",1
"P000102",2019,"TRN",,"not_applicable","not_applicable","paper",0
"P000103",2019,"EMP","employed","answered",,"web",1
"P000103",2019,"INC","1610","answered",,"web",1
"P000103",2019,"LSAT","7","answered",,"web",1
"P000103",2019,"TRN","5","answered",,"web",1
"P000104",2019,"EMP","unemployed","answered",,"phone",1
"P000104",2019,"INC",,"not_applicable","not_applicable","phone",0
"P000104",2019,"LSAT","5","answered",,"phone",1
"P000104",2019,"TRN",,"not_applicable","not_applicable","phone",0
"P000105",2019,"EMP","retired","answered",,"web",1
"P000105",2019,"INC",,"not_applicable","not_applicable","web",0
"P000105",2019,"LSAT","6","answered",,"web",1
"P000105",2019,"TRN",,"not_applicable","not_applicable","web",0
"P000106",2019,"EMP","employed","answered",,"web",1
"P000106",2019,"INC","1600","answered",,"web",1
"P000106",2019,"LSAT","6","answered",,"web",1
"P000106",2019,"TRN","5","answered",,"web",1
"P000107",2019,"EMP","unemployed","answered",,"web",1
"P000107",2019,"INC",,"not_applicable","not_applicable","web",0
"P000107",2019,"LSAT","6","answered",,"web",1
"P000107",2019,"TRN",,"not_applicable","not_applicable","web",0
"P000108",2019,"EMP","retired","answered",,"phone",1
"P000108",2019,"INC",,"not_applicable","not_applicable","phone",0
"P000108",2019,"LSAT","6","answered",,"phone",1
"P000108",2019,"TRN",,"not_applicable","not_applicable","phone",0
"P000109",2019,"EMP","employed","answered",,"web",1
"P000109",2019,"INC","1720","answered",,"web",1
"P000109",2019,"LSAT","7","answered",,"web",1
"P000109",2019,"TRN",,"no_answer","no_answer","web",0
"P000110",2019,"EMP","employed","answered",,"paper",1
"P000110",2019,"INC","5120","answered",,"paper",1
"P000110",2019,"LSAT","7","answered",,"paper",1
"P000110",2019,"TRN","7","answered",,"paper",1
"P000111",2019,"EMP","unemployed","answered",,"phone",1
"P000111",2019,"INC",,"not_applicable","not_applicable","phone",0
"P000111",2019,"LSAT","6","answered",,"phone",1
"P000111",2019,"TRN",,"not_applicable","not_applicable","phone",0
"P000112",2019,"EMP","not_in_labor_force","answered",,"web",1
"P000112",2019,"INC",,"not_applicable","not_applicable","web",0
"P000112",2019,"LSAT","6","answered",,"web",1
"P000112",2019,"TRN",,"not_applicable","not_applicable","web",0
"P000113",2019,"EMP","employed","answered",,"phone",1
"P000113",2019,"INC","4190","answered",,"phone",1
"P000113",2019,"LSAT","7","answered",,"phone",1
"P000113",2019,"TRN","3","answered",,"phone",1
"P000114",2019,"EMP","unemployed","answered",,"paper",1
"P000114",2019,"INC",,"not_applicable","not_applicable","paper",0
"P000114",2019,"LSAT","6","answered",,"paper",1
"P000114",2019,"TRN",,"not_applicable","not_applicable","paper",0
"P000115",2019,"EMP","retired","answered",,"web",1
"P000115",2019,"INC",,"not_applicable","not_applicable","web",0
"P000115",2019,"LSAT","6","answered",,"web",1
"P000115",2019,"TRN",,"not_applicable","not_applicable","web",0
"P000116",2019,"EMP","not_in_labor_force","answered",,"paper",1
"P000116",2019,"INC",,"not_applicable","not_applicable","paper",0
"P000116",2019,"LSAT","7","answered",,"paper",1
"P000116",2019,"TRN",,"not_applicable","not_applicable","paper",0
"P000117",2019,"EMP","employed","answered",,"phone",1
"P000117",2019,"INC","2180","answered",,"phone",1
"P000117",2019,"LSAT","7","answered",,"phone",1
"P000117",2019,"TRN","2","answered",,"phone",1
"P000118",2019,"EMP","employed","answered",,"web",1
"P000118",2019,"INC","1150","answered",,"web",1
"P000118",2019,"LSAT","7","answered",,"web",1
"P000118",2019,"TRN","5","answered",,"web",1
"P000119",2019,"EMP","employed","answered",,"web",1
"P000119",2019,"INC","3660","answered",,"web",1
"P000119",2019,"LSAT","8","answered",,"web",1
"P000119",2019,"TRN","6","answered",,"web",1
"P000120",2019,"EMP","unemployed","answered",,"paper",1
"P000120",2019,"INC",,"not_applicable","not_applicable","paper",0
"P000120",2019,"LSAT","6","answered",,"paper",1
"P000120",2019,"TRN",,"not_applicable","not_applicable","paper",0
"P000121",2019,"EMP","retired","answered",,"phone",1
"P000121",2019,"INC",,"not_applicable","not_applicable","phone",0
"P000121",2019,"LSAT","6","answered",,"phone",1
"P000121",2019,"TRN",,"not_applicable","not_applicable","phone",0
"P000122",2019,"EMP","retired","answered",,"web",1
"P000122",2019,"INC",,"not_applicable","not_applicable","web",0
"P000122",2019,"LSAT","7","answered",,"web",1
"P000122",2019,"TRN",,"not_applicable","not_applicable","web",0
"P000123",2019,"EMP","not_in_labor_force","answered",,"web",1
"P000123",2019,"INC",,"not_applicable","not_applicable","web",0
"P000123",2019,"LSAT","6","answered",,"web",1
"P000123",2019,"TRN",,"not_applicable","not_applicable","web",0
"P000124",2019,"EMP","unemployed","answered",,"web",1
"P000124",2019,"INC",,"not_applicable","not_applicable","web",0
"P000124",2019,"LSAT","6","answered",,"web",1
"P000124",2019,"TRN",,"not_applicable","not_applicable","web",0
"P000125",2019,"EMP","employed","answered",,"phone",1
"P000125",2019,"INC","1390","answered",,"phone",1
"P000125",2019,"LSAT","6","answered",,"phone",1
"P000125",2019,"TRN","5","answered",,"phone",1
"P000126",2019,"EMP","not_in_labor_force","answered",,"phone",1
"P000126",2019,"INC",,"not_applicable","not_applicable","phone",0
"P000126",2019,"LSAT","7","answered",,"phone",1
"P000126",2019,"TRN",,"not_applicable","not_applicable","phone",0
"P000127",2019,"EMP","employed","answered",,"phone",1
"P000127",2019,"INC","2660","answered",,"phone",1
"P000127",2019,"LSAT","7","answered",,"phone",1
"P000127",2019,"TRN","1","answered",,"phone",1
"P000128",2019,"EMP","employed","answered",,"web",1
"P000128",2019,"INC","3170","answered",,"web",1
"P000128",2019,"LSAT","7","answered",,"web",1
"P000128",2019,"TRN","7","answered",,"web",1
"P000129",2019,"EMP","retired","answered",,"web",1
"P000129",2019,"INC",,"not_applicable","not_applicable","web",0
"P000129",2019,"LSAT","7","answered",,"web",1
"P000129",2019,"TRN",,"not_applicable","not_applicable","web",0
"P000130",2019,"EMP","retired","answered",,"phone",1
"P000130",2019,"INC",,"not_applicable","not_applicable","phone",0
"P000130",2019,"LSAT","6","answered",,"phone",1
"P000130",2019,"TRN",,"not_applicable","not_applicable","phone",0
"P000001",2020,"EMP","retired","answered",,"paper",1
"P000001",2020,"INC",,"not_applicable","not_applicable","paper",0
"P000001",2020,"LSAT",,"no_answer","no_answer","paper",0
"P000001",2020,"TRN",,"not_applicable","not_applicable","paper",0
"P000002",2020,"EMP","employed","answered",,"phone",1
"P000002",2020,"INC","2280","answered",,"phone",1
"P000002",2020,"LSAT","7","answered",,"phone",1
"P000002",2020,"TRN","4","answered",,"phone",1
"P000003",2020,"EMP","employed","answered",,"phone",1
"P000003",2020,"INC","1020","answered",,"phone",1
"P000003",2020,"LSAT","6","answered",,"phone",1
"P000003",2020,"TRN","6","answered",,"phone",1
"P000004",2020,"EMP","employed","answered",,"web",1
"P000004",2020,"INC","1360","answered",,"web",1
"P000004",2020,"LSAT","7","answered",,"web",1
"P000004",2020,"TRN","7","answered",,"web",1
"P000005",2020,"EMP","not_in_labor_force","answered",,"web",1
"P000005",2020,"INC",,"not_applicable","not_applicable","web",0
"P000005",2020,"LSAT","6","answered",,"web",1
"P000005",2020,"TRN",,"not_applicable","not_applicable","web",0
"P000006",2020,"EMP","not_in_labor_force","answered",,"web",1
"P000006",2020,"INC",,"not_applicable","not_applicable","web",0
"P000006",2020,"LSAT","6","answered",,"web",1
"P000006",2020,"TRN",,"not_applicable","not_applicable","web",0
"P000007",2020,"EMP","education","answered",,"web",1
"P000007",2020,"INC",,"not_applicable","not_applicable","web",0
"P000007",2020,"LSAT","6","answered",,"web",1
"P000007",2020,"TRN","6","answered",,"web",1
"P000008",2020,"EMP","retired","answered",,"web",1
"P000008",2020,"INC",,"not_applicable","not_applicable","web",0
"P000008",2020,"LSAT","6","answered",,"web",1
"P000008",2020,"TRN",,"not_applicable","not_applicable","web",0
"P000009",2020,"EMP","employed","answered",,"web",1
"P000009",2020,"INC","3640","answered",,"web",1
"P000009",2020,"LSAT","8","answered",,"web",1
"P000009",2020,"TRN","6","answered",,"web",1
"P000010",2020,"EMP","retired","answered",,"web",1
"P000010",2020,"INC",,"not_applicable","not_applicable","web",0
"P000010",2020,"LSAT","6","answered",,"web",1
"P000010",2020,"TRN",,"not_applicable","not_applicable","web",0
"P000011",2020,"EMP","education","answered",,"web",1
"P000011",2020,"INC",,"not_applicable","not_applicable","web",0
"P000011",2020,"LSAT","6","answered",,"web",1
"P000011",2020,"TRN","5","answered",,"web",1
"P000012",2020,"EMP","employed","answered",,"web",1
"P000012",2020,"INC","1460","answered",,"web",1
"P000012",2020,"LSAT","6","answered",,"web",1
"P000012",2020,"TRN","8","answered",,"web",1
"P000013",2020,"EMP","not_in_labor_force","answered",,"web",1
"P000013",2020,"INC",,"not_applicable","not_applicable","web",0
"P000013",2020,"LSAT","6","answered",,"web",1
"P000013",2020,"TRN",,"not_applicable","not_applicable","web",0
"P000014",2020,"EMP","unemployed","answered",,"phone",1
"P000014",2020,"INC",,"not_applicable","not_applicable","phone",0
"P000014",2020,"LSAT","7","answered",,"phone",1
"P000014",2020,"TRN",,"not_applicable","not_applicable","phone",0
"P000015",2020,"EMP","retired","answered",,"paper",1
"P000015",2020,"INC",,"not_applicable","not_applicable","paper",0
"P000015",2020,"LSAT","6","answered",,"paper",1
"P000015",2020,"TRN",,"not_applicable","not_applicable","paper",0
"P000016",2020,"EMP","education","answered",,"phone",1
"P000016",2020,"INC",,"not_applicable","not_applicable","phone",0
"P000016",2020,"LSAT","6","answered",,"phone",1
"P000016",2020,"TRN","4","answered",,"phone",1
"P000017",2020,"EMP","retired","answered",,"web",1
"P000017",2020,"INC",,"not_applicable","not_applicable","web",0
"P000017",2020,"LSAT","6","answered",,"web",1
"P000017",2020,"TRN",,"not_applicable","not_applicable","web",0
"P000018",2020,"EMP","unemployed","answered",,"web",1
"P000018",2020,"INC",,"not_applicable","not_applicable","web",0
"P000018",2020,"LSAT","6","answered",,"web",1
"P000018",2020,"TRN",,"not_applicable","not_applicable","web",0
"P000019",2020,"EMP","retired","answered",,"web",1
"P000019",2020,"INC",,"not_applicable","not_applicable","web",0
"P000019",2020,"LSAT","7","answered",,"web",1
"P000019",2020,"TRN",,"not_applicable","not_applicable","web",0
"P000020",2020,"EMP","education","answered",,"web",1
"P000020",2020,"INC",,"not_applicable","not_applicable","web",0
"P000020",2020,"LSAT","7","answered",,"web",1
"P000020",2020,"TRN","9","answered",,"web",1
"P000021",2020,"EMP","retired","answered",,"phone",1
"P000021",2020,"INC",,"not_applicable","not_applicable","phone",0
"P000021",2020,"LSAT","7","answered",,"phone",1
"P000021",2020,"TRN",,"not_applicable","not_applicable","phone",0
"P000022",2020,"EMP","employed","answered",,"web",1
"P000022",2020,"INC","2620","answered",,"web",1
"P000022",2020,"LSAT","7","answered",,"web",1
"P000022",2020,"TRN","5","answered",,"web",1
"P000023",2020,"EMP","employed","answered",,"web",1
"P000023",2020,"INC","1860","answered",,"web",1
"P000023",2020,"LSAT","7","answered",,"web",1
"P000023",2020,"TRN","7","answered",,"web",1
"P000024",2020,"EMP","unemployed","answered",,"web",1
"P000024",2020,"INC",,"not_applicable","not_applicable","web",0
"P000024",2020,"LSAT","6","answered",,"web",1
"P000024",2020,"TRN",,"not_applicable","not_applicable","web",0
"P000025",2020,"EMP","unemployed","answered",,"web",1
"P000025",2020,"INC",,"not_applicable","not_applicable","web",0
"P000025",2020,"LSAT","6","answered",,"web",1
"P000025",2020,"TRN",,"not_applicable","not_applicable","web",0
"P000026",2020,"EMP","retired","answered",,"phone",1
"P000026",2020,"INC",,"not_applicable","not_applicable","phone",0
"P000026",2020,"LSAT","6","answered",,"phone",1
"P000026",2020,"TRN",,"not_applicable","not_applicable","phone",0
"P000027",2020,"EMP","employed","answered",,"web",1
"P000027",2020,"INC",,"no_answer","no_answer","web",0
"P000027",2020,"LSAT","7","answered",,"web",1
"P000027",2020,"TRN","7","answered",,"web",1
"P000028",2020,"EMP","employed","answered",,"web",1
"P000028",2020,"INC","3140","answered",,"web",1
"P000028",2020,"LSAT","7","answered",,"web",1
"P000028",2020,"TRN","5","answered",,"web",1
"P000029",2020,"EMP","employed","answered",,"web",1
"P000029",2020,"INC","5580","answered",,"web",1
"P000029",2020,"LSAT","7","answered",,"web",1
"P000029",2020,"TRN","2","answered",,"web",1
"P000030",2020,"EMP","unemployed","answered",,"phone",1
"P000030",2020,"INC",,"not_applicable","not_applicable","phone",0
"P000030",2020,"LSAT","6","answered",,"phone",1
"P000030",2020,"TRN",,"not_applicable","not_applicable","phone",0
"P000031",2020,"EMP","retired","answered",,"web",1
"P000031",2020,"INC",,"not_applicable","not_applicable","web",0
"P000031",2020,"LSAT",,"no_answer","no_answer","web",0
"P000031",2020,"TRN",,"not_applicable","not_applicable","web",0
"P000032",2020,"EMP","unemployed","answered",,"paper",1
"P000032",2020,"INC",,"not_applicable","not_applicable","paper",0
"P000032",2020,"LSAT","6","answered",,"paper",1
"P000032",2020,"TRN",,"not_applicable","not_applicable","paper",0
"P000033",2020,"EMP","unemployed","answered",,"web",1
"P000033",2020,"INC",,"not_applicable","not_applicable","web",0
"P000033",2020,"LSAT","6","answered",,"web",1
"P000033",2020,"TRN",,"not_applicable","not_applicable","web",0
"P000034",2020,"EMP","not_in_labor_force","answered",,"web",1
"P000034",2020,"INC",,"not_applicable","not_applicable","web",0
"P000034",2020,"LSAT","6","answered",,"web",1
"P000034",2020,"TRN",,"not_applicable","not_applicable","web",0
"P000035",2020,"EMP","not_in_labor_force","answered",,"web",1
"P000035",2020,"INC",,"not_applicable","not_applicable","web",0
"P000035",2020,"LSAT","7","answered",,"web",1
"P000035",2020,"TRN",,"not_applicable","not_applicable","web",0
"P000036",2020,"EMP","not_in_labor_force","answered",,"web",1
"P000036",2020,"INC",,"not_applicable","not_applicable","web",0
"P000036",2020,"LSAT","6","answered",,"web",1
"P000036",2020,"TRN",,"not_applicable","not_applicable","web",0
"P000038",2020,"EMP","employed","answered",,"web",1
"P000038",2020,"INC",,"no_answer","no_answer","web",0
"P000038",2020,"LSAT","6","answered",,"web",1
"P000038",2020,"TRN","7","answered",,"web",1
"P000039",2020,"EMP","employed","answered",,"web",1
"P000039",2020,"INC","1000","answered",,"web",1
"P000039",2020,"LSAT","6","answered",,"web",1
"P000039",2020,"TRN","8","answered",,"web",1
"P000040",2020,"EMP","employed","answered",,"web",1
"P000040",2020,"INC","4840","answered",,"web",1
"P000040",2020,"LSAT","7","answered",,"web",1
"P000040",2020,"TRN","4","answered",,"web",1
"P000041",2020,"EMP","retired","answered",,"phone",1
"P000041",2020,"INC",,"not_applicable","not_applicable","phone",0
"P000041",2020,"LSAT","6","answered",,"phone",1
"P000041",2020,"TRN",,"not_applicable","not_applicable","phone",0
"P000042",2020,"EMP","not_in_labor_force","answered",,"web",1
"P000042",2020,"INC",,"not_applicable","not_applicable","web",0
"P000042",2020,"LSAT","7","answered",,"web",1
"P000042",2020,"TRN",,"not_applicable","not_applicable","web",0
"P000043",2020,"EMP","employed","answered",,"web",1
"P000043",2020,"INC","2080","answered",,"web",1
"P000043",2020,"LSAT","7","answered",,"web",1
"P000043",2020,"TRN","6","answered",,"web",1
"P000044",2020,"EMP","not_in_labor_force","answered",,"phone",1
"P000044",2020,"INC",,"not_applicable","not_applicable","phone",0
"P000044",2020,"LSAT","5","answered",,"phone",1
"P000044",2020,"TRN",,"not_applicable","not_applicable","phone",0
"P000045",2020,"EMP","retired","answered",,"web",1
"P000045",2020,"INC",,"not_applicable","not_applicable","web",0
"P000045",2020,"LSAT","6","answered",,"web",1
"P000045",2020,"TRN",,"not_applicable","not_applicable","web",0
"P000046",2020,"EMP","employed","answered",,"web",1
"P000046",2020,"INC","1650","answered",,"web",1
"P000046",2020,"LSAT","7","answered",,"web",1
"P000046",2020,"TRN","6","answered",,"web",1
"P000047",2020,"EMP","retired","answered",,"web",1
"P000047",2020,"INC",,"not_applicable","not_applicable","web",0
"P000047",2020,"LSAT","6","answered",,"web",1
"P000047",2020,"TRN",,"not_applicable","not_applicable","web",0
"P000048",2020,"EMP","employed","answered",,"phone",1
"P000048",2020,"INC","3120","answered",,"phone",1
"P000048",2020,"LSAT","8","answered",,"phone",1
"P000048",2020,"TRN","5","answered",,"phone",1
"P000049",2020,"EMP","not_in_labor_force","answered",,"web",1
"P000049",2020,"INC",,"not_applicable","not_applicable","web",0
"P000049",2020,"LSAT","6","answered",,"web",1
"P000049",2020,"TRN",,"not_applicable","not_applicable","web",0
"P000050",2020,"EMP","retired","answered",,"paper",1
"P000050",2020,"INC",,"not_applicable","not_applicable","paper",0
"P000050",2020,"LSAT","5","answered",,"paper",1
"P000050",2020,"TRN",,"not_applicable","not_applicable","paper",0
"P000051",2020,"EMP","unemployed","answered",,"phone",1
"P000051",2020,"INC",,"not_applicable","not_applicable","phone",0
"P000051",2020,"LSAT","5","answered",,"phone",1
"P000051",2020,"TRN",,"not_applicable","not_applicable","phone",0
"P000052",2020,"EMP","employed","answered",,"web",1
"P000052",2020,"INC","900","answered",,"web",1
"P000052",2020,"LSAT","6","answered",,"web",1
"P000052",2020,"TRN","2","answered",,"web",1
"P000053",2020,"EMP","employed","answered",,"phone",1
"P000053",2020,"INC","3190","answered",,"phone",1
"P000053",2020,"LSAT","7","answered",,"phone",1
"P000053",2020,"TRN","4","answered",,"phone",1
"P000054",2020,"EMP","employed","answered",,"web",1
"P000054",2020,"INC",,"no_answer","no_answer","web",0
"P000054",2020,"LSAT","6","answered",,"web",1
"P000054",2020,"TRN","10","answered",,"web",1
"P000055",2020,"EMP","employed","answered",,"web",1
"P000055",2020,"INC","2050","answered",,"web",1
"P000055",2020,"LSAT","7","answered",,"web",1
"P000055",2020,"TRN","4","answered",,"web",1
"P000056",2020,"EMP","employed","answered",,"phone",1
"P000056",2020,"INC","1800","answered",,"phone",1
"P000056",2020,"LSAT","7","answered",,"phone",1
"P000056",2020,"TRN",,"no_answer","no_answer","phone",0
"P000059",2020,"EMP","retired","answered",,"web",1
"P000059",2020,"INC",,"not_applicable","not_applicable","web",0
"P000059",2020,"LSAT","7","answered",,"web",1
"P000059",2020,"TRN",,"not_applicable","not_applicable","web",0
"P000060",2020,"EMP","employed","answered",,"phone",1
"P000060",2020,"INC","850","answered",,"phone",1
"P000060",2020,"LSAT","6","answered",,"phone",1
"P000060",2020,"TRN",,"no_answer","no_answer","phone",0
"P000061",2020,"EMP","not_in_labor_force","answered",,"web",1
"P000061",2020,"INC",,"not_applicable","not_applicable","web",0
"P000061",2020,"LSAT","6","answered",,"web",1
"P000061",2020,"TRN",,"not_applicable","not_applicable","web",0
"P000063",2020,"EMP","education","answered",,"phone",1
"P000063",2020,"INC",,"not_applicable","not_applicable","phone",0
"P000063",2020,"LSAT","6","answered",,"phone",1
"P000063",2020,"TRN","6","answered",,"phone",1
"P000064",2020,"EMP","employed","answered",,"phone",1
"P000064",2020,"INC","2130","answered",,"phone",1
"P000064",2020,"LSAT","7","answered",,"phone",1
"P000064",2020,"TRN","7","answered",,"phone",1
"P000065",2020,"EMP","unemployed","answered",,"web",1
"P000065",2020,"INC",,"not_applicable","not_applicable","web",0
"P000065",2020,"LSAT","6","answered",,"web",1
"P000065",2020,"TRN",,"not_applicable","not_applicable","web",0
"P000066",2020,"EMP","employed","answered",,"web",1
"P000066",2020,"INC","1790","answered",,"web",1
"P000066",2020,"LSAT","6","answered",,"web",1
"P000066",2020,"TRN","6","answered",,"web",1
"P000067",2020,"EMP","not_in_labor_force","answered",,"web",1
"P000067",2020,"INC",,"not_applicable","not_applicable","web",0
"P000067",2020,"LSAT","7","answered",,"web",1
"P000067",2020,"TRN",,"not_applicable","not_applicable","web",0
"P000068",2020,"EMP","not_in_labor_force","answered",,"web",1
"P000068",2020,"INC",,"not_applicable","not_applicable","web",0
"P000068",2020,"LSAT","6","answered",,"web",1
"P000068",2020,"TRN",,"not_applicable","not_applicable","web",0
"P000069",2020,"EMP","employed","answered",,"web",1
"P000069",2020,"INC","3710","answered",,"web",1
"P000069",2020,"LSAT","7","answered",,"web",1
"P000069",2020,"TRN","4","answered",,"web",1
"P000070",2020,"EMP","employed","answered",,"web",1
"P000070",2020,"INC","3910","answered",,"web",1
"P000070",2020,"LSAT","7","answered",,"web",1
"P000070",2020,"TRN","4","answered",,"web",1
"P000072",2020,"EMP","retired","answered",,"web",1
"P000072",2020,"INC",,"not_applicable","not_applicable","web",0
"P000072",2020,"LSAT","6","answered",,"web",1
"P000072",2020,"TRN",,"not_applicable","not_applicable","web",0
"P000073",2020,"EMP","retired","answered",,"phone",1
"P000073",2020,"INC",,"not_applicable","not_applicable","phone",0
"P000073",2020,"LSAT","7","answered",,"phone",1
"P000073",2020,"TRN",,"not_applicable","not_applicable","phone",0
"P000074",2020,"EMP","employed","answered",,"phone",1
"P000074",2020,"INC","1600","answered",,"phone",1
"P000074",2020,"LSAT","6","answered",,"phone",1
"P000074",2020,"TRN","3","answered",,"phone",1
"P000075",2020,"EMP","employed","answered",,"web",1
"P000075",2020,"INC","6160","answered",,"web",1
"P000075",2020,"LSAT","8","answered",,"web",1
"P000075",2020,"TRN","3","answered",,"web",1
"P000076",2020,"EMP","retired","answered",,"web",1
"P000076",2020,"INC",,"not_applicable","not_applicable","web",0
"P000076",2020,"LSAT","7","answered",,"web",1
"P000076",2020,"TRN",,"not_applicable","not_applicable","web",0
"P000077",2020,"EMP","employed","answered",,"web",1
"P000077",2020,"INC","2710","answered",,"web",1
"P000077",2020,"LSAT","7","answered",,"web",1
"P000077",2020,"TRN","4","answered",,"web",1
"P000078",2020,"EMP","retired","answered",,"phone",1
"P000078",2020,"INC",,"not_applicable","not_applicable","phone",0
"P000078",2020,"LSAT","6","answered",,"phone",1
"P000078",2020,"TRN",,"not_applicable","not_applicable","phone",0
"P000079",2020,"EMP","retired","answered",,"web",1
"P000079",2020,"INC",,"not_applicable","not_applicable","web",0
"P000079",2020,"LSAT","6","answered",,"web",1
"P000079",2020,"TRN",,"not_applicable","not_applicable","web",0
"P000080",2020,"EMP","employed","answered",,"phone",1
"P000080",2020,"INC","2800","answered",,"phone",1
"P000080",2020,"LSAT","8","answered",,"phone",1
"P000080",2020,"TRN","2","answered",,"phone",1
"P000081",2020,"EMP","retired","answered",,"web",1
"P000081",2020,"INC",,"not_applicable","not_applicable","web",0
"P000081",2020,"LSAT","6","answered",,"web",1
"P000081",2020,"TRN",,"not_applicable","not_applicable","web",0
"P000082",2020,"EMP","unemployed","answered",,"web",1
"P000082",2020,"INC",,"not_applicable","not_applicable","web",0
"P000082",2020,"LSAT","6","answered",,"web",1
"P000082",2020,"TRN",,"not_applicable","not_applicable","web",0
"P000083",2020,"EMP","retired","answered",,"web",1
"P000083",2020,"INC",,"not_applicable","not_applicable","web",0
"P000083",2020,"LSAT","6","answered",,"web",1
"P000083",2020,"TRN",,"not_applicable","not_applicable","web",0
"P000084",2020,"EMP","unemployed","answered",,"paper",1
"P000084",2020,"INC",,"not_applicable","not_applicable","paper",0
"P000084",2020,"LSAT","5","answered",,"paper",1
"P000084",2020,"TRN",,"not_applicable","not_applicable","paper",0
"P000085",2020,"EMP","employed","answered",,"web",1
"P000085",2020,"INC","2240","answered",,"web",1
"P000085",2020,"LSAT","7","answered",,"web",1
"P000085",2020,"TRN","8","answered",,"web",1
"P000086",2020,"EMP","employed","answered",,"web",1
"P000086",2020,"INC","2400","answered",,"web",1
"P000086",2020,"LSAT","7","answered",,"web",1
"P000086",2020,"TRN","3","answered",,"web",1
"P000087",2020,"EMP","employed","answered",,"web",1
"P000087",2020,"INC","3310","answered",,"web",1
"P000087",2020,"LSAT","7","answered",,"web",1
"P000087",2020,"TRN","8","answered",,"web",1
"P000088",2020,"EMP","employed","answered",,"web",1
"P000088",2020,"INC",,"no_answer","no_answer","web",0
"P000088",2020,"LSAT","7","answered",,"web",1
"P000088",2020,"TRN","7","answered",,"web",1
"P000089",2020,"EMP","retired","answered",,"web",1
"P000089",2020,"INC",,"not_applicable","not_applicable","web",0
"P000089",2020,"LSAT","6","answered",,"web",1
"P000089",2020,"TRN",,"not_applicable","not_applicable","web",0
"P000090",2020,"EMP","unemployed","answered",,"web",1
"P000090",2020,"INC",,"not_applicable","not_applicable","web",0
"P000090",2020,"LSAT","5","answered",,"web",1
"P000090",2020,"TRN",,"not_applicable","not_applicable","web",0
"P000091",2020,"EMP","not_in_labor_force","answered",,"phone",1
"P000091",2020,"INC",,"not_applicable","not_applicable","phone",0
"P000091",2020,"LSAT","6","answered",,"phone",1
"P000091",2020,"TRN",,"not_applicable","not_applicable","phone",0
"P000092",2020,"EMP","retired","answered",,"web",1
"P000092",2020,"INC",,"not_applicable","not_applicable","web",0
"P000092",2020,"LSAT","6","answered",,"web",1
"P000092",2020,"TRN",,"not_applicable","not_applicable","web",0
"P000093",2020,"EMP","retired","answered",,"web",1
"P000093",2020,"INC",,"not_applicable","not_applicable","web",0
"P000093",2020,"LSAT","6","answered",,"web",1
"P000093",2020,"TRN",,"not_applicable","not_applicable","web",0
"P000094",2020,"EMP","retired","answered",,"web",1
"P000094",2020,"INC",,"not_applicable","not_applicable","web",0
"P000094",2020,"LSAT","7","answered",,"web",1
"P000094",2020,"TRN",,"not_applicable","not_applicable","web",0
"P000095",2020,"EMP","employed","answered",,"phone",1
"P000095",2020,"INC","1240","answered",,"phone",1
"P000095",2020,"LSAT","6","answered",,"phone",1
"P000095",2020,"TRN","6","answered",,"phone",1
"P000096",2020,"EMP","employed","answered",,"paper",1
"P000096",2020,"INC","1430","answered",,"paper",1
"P000096",2020,"LSAT","7","answered",,"paper",1
"P000096",2020,"TRN","12","answered",,"paper",1
"P000097",2020,"EMP","not_in_labor_force","answered",,"phone",1
"P000097",2020,"INC",,"not_applicable","not_applicable","phone",0
"P000097",2020,"LSAT","6","answered",,"phone",1
"P000097",2020,"TRN",,"not_applicable","not_applicable","phone",0
"P000098",2020,"EMP","employed","answered",,"web",1
"P000098",2020,"INC","3770","answered",,"web",1
"P000098",2020,"LSAT","7","answered",,"web",1
"P000098",2020,"TRN","5","answered",,"web",1
"P000099",2020,"EMP","unemployed","answered",,"web",1
"P000099",2020,"INC",,"not_applicable","not_applicable","web",0
"P000099",2020,"LSAT","6","answered",,"web",1
"P000099",2020,"TRN",,"not_applicable","not_applicable","web",0
"P000100",2020,"EMP","employed","answered",,"paper",1
"P000100",2020,"INC","1910","answered",,"paper",1
"P000100",2020,"LSAT","7","answered",,"paper",1
"P000100",2020,"TRN","4","answered",,"paper",1
"P000101",2020,"EMP","not_in_labor_force","answered",,"phone",1
"P000101",2020,"INC",,"not_applicable","not_applicable","phone",0
"P000101",2020,"LSAT","5","answered",,"phone",1
"P000101",2020,"TRN",,"not_applicable","not_applicable","phone",0
"P000102",2020,"EMP","retired","answered",,"paper",1
"P000102",2020,"INC",,"not_applicable","not_applicable","paper",0
"P000102",2020,"LSAT","6","answered",,"paper",1
"P000102",2020,"TRN",,"not_applicable","not_applicable","paper",0
"P000103",2020,"EMP","employed","answered",,"web",1
"P000103",2020,"INC","880","answered",,"web",1
"P000103",2020,"LSAT","6","answered",,"web",1
"P000103",2020,"TRN",,"no_answer","no_answer","web",0
"P000104",2020,"EMP","unemployed","answered",,"phone",1
"P000104",2020,"INC",,"not_applicable","not_applicable","phone",0
"P000104",2020,"LSAT","6","answered",,"phone",1
"P000104",2020,"TRN",,"not_applicable","not_applicable","phone",0
"P000106",2020,"EMP","employed","answered",,"web",1
"P000106",2020,"INC","2010","answered",,"web",1
"P000106",2020,"LSAT","6","answered",,"web",1
"P000106",2020,"TRN","5","answered",,"web",1
"P000107",2020,"EMP","unemployed","answered",,"web",1
"P000107",2020,"INC",,"not_applicable","not_applicable","web",0
"P000107",2020,"LSAT","6","answered",,"web",1
"P000107",2020,"TRN",,"not_applicable","not_applicable","web",0
"P000108",2020,"EMP","retired","answered",,"phone",1
"P000108",2020,"INC",,"not_applicable","not_applicable","phone",0
"P000108",2020,"LSAT","6","answered",,"phone",1
"P000108",2020,"TRN",,"not_applicable","not_applicable","phone",0
"P000109",2020,"EMP","employed","answered",,"web",1
"P000109",2020,"INC","2700","answered",,"web",1
"P000109",2020,"LSAT","7","answered",,"web",1
"P000109",2020,"TRN","2","answered",,"web",1
"P000110",2020,"EMP","employed","answered",,"paper",1
"P000110",2020,"INC","5940","answered",,"paper",1
"P000110",2020,"LSAT","7","answered",,"paper",1
"P000110",2020,"TRN","6","answered",,"paper",1
"P000111",2020,"EMP","unemployed","answered",,"phone",1
"P000111",2020,"INC",,"not_applicable","not_applicable","phone",0
"P000111",2020,"LSAT","5","answered",,"phone",1
"P000111",2020,"TRN",,"not_applicable","not_applicable","phone",0
"P000112",2020,"EMP","not_in_labor_force","answered",,"web",1
"P000112",2020,"INC",,"not_applicable","not_applicable","web",0
"P000112",2020,"LSAT",,"no_answer","no_answer","web",0
"P000112",2020,"TRN",,"not_applicable","not_applicable","web",0
"P000114",2020,"EMP","unemployed","answered",,"paper",1
"P000114",2020,"INC",,"not_applicable","not_applicable","paper",0
"P000114",2020,"LSAT","6","answered",,"paper",1
"P000114",2020,"TRN",,"not_applicable","not_applicable","paper",0
"P000115",2020,"EMP","retired","answered",,"web",1
"P000115",2020,"INC",,"not_applicable","not_applicable","web",0
"P000115",2020,"LSAT","6","answered",,"web",1
"P000115",2020,"TRN",,"not_applicable","not_applicable","web",0
"P000116",2020,"EMP","not_in_labor_force","answered",,"paper",1
"P000116",2020,"INC",,"not_applicable","not_applicable","paper",0
"P000116",2020,"LSAT","7","answered",,"paper",1
"P000116",2020,"TRN",,"not_applicable","not_applicable","paper",0
"P000117",2020,"EMP","employed","answered",,"phone",1
"P000117",2020,"INC","1460","answered",,"phone",1
"P000117",2020,"LSAT","7","answered",,"phone",1
"P000117",2020,"TRN","2","answered",,"phone",1
"P000118",2020,"EMP","employed","answered",,"web",1
"P000118",2020,"INC","840","answered",,"web",1
"P000118",2020,"LSAT","6","answered",,"web",1
"P000118",2020,"TRN","6","answered",,"web",1
"P000119",2020,"EMP","employed","answered",,"web",1
"P000119",2020,"INC","3410","answered",,"web",1
"P000119",2020,"LSAT","7","answered",,"web",1
"P000119",2020,"TRN","5","answered",,"web",1
"P000120",2020,"EMP","unemployed","answered",,"paper",1
"P000120",2020,"INC",,"not_applicable","not_applicable","paper",0
"P000120",2020,"LSAT",,"no_answer","no_answer","paper",0
"P000120",2020,"TRN",,"not_applicable","not_applicable","paper",0
"P000121",2020,"EMP","retired","answered",,"phone",1
"P000121",2020,"INC",,"not_applicable","not_applicable","phone",0
"P000121",2020,"LSAT","6","answered",,"phone",1
"P000121",2020,"TRN",,"not_applicable","not_applicable","phone",0
"P000122",2020,"EMP","retired","answered",,"web",1
"P000122",2020,"INC",,"not_applicable","not_applicable","web",0
"P000122",2020,"LSAT","6","answered",,"web",1
"P000122",2020,"TRN",,"not_applicable","not_applicable","web",0
"P000123",2020,"EMP","not_in_labor_force","answered",,"web",1
"P000123",2020,"INC",,"not_applicable","not_applicable","web",0
"P000123",2020,"LSAT","6","answered",,"web",1
"P000123",2020,"TRN",,"not_applicable","not_applicable","web",0
"P000124",2020,"EMP","retired","answered",,"web",1
"P000124",2020,"INC",,"not_applicable","not_applicable","web",0
"P000124",2020,"LSAT","7","answered",,"web",1
"P000124",2020,"TRN",,"not_applicable","not_applicable","web",0
"P000126",2020,"EMP","not_in_labor_force","answered",,"phone",1
"P000126",2020,"INC",,"not_applicable","not_applicable","phone",0
"P000126",2020,"LSAT","6","answered",,"phone",1
"P000126",2020,"TRN",,"not_applicable","not_applicable","phone",0
"P000127",2020,"EMP","employed","answered",,"phone",1
"P000127",2020,"INC","2560","answered",,"phone",1
"P000127",2020,"LSAT",,"no_answer","no_answer","phone",0
"P000127",2020,"TRN","4","answered",,"phone",1
"P000128",2020,"EMP","unemployed","answered",,"web",1
"P000128",2020,"INC",,"not_applicable","not_applicable","web",0
"P000128",2020,"LSAT","6","answered",,"web",1
"P000128",2020,"TRN",,"not_applicable","not_applicable","web",0
"P000129",2020,"EMP","retired","answered",,"web",1
"P000129",2020,"INC",,"not_applicable","not_applicable","web",0
"P000129",2020,"LSAT","7","answered",,"web",1
"P000129",2020,"TRN",,"not_applicable","not_applicable","web",0
"P000130",2020,"EMP","retired","answered",,"web",1
"P000130",2020,"INC",,"not_applicable","not_applicable","web",0
"P000130",2020,"LSAT","6","answered",,"web",1
"P000130",2020,"TRN",,"not_applicable","not_applicable","web",0
"P000001",2021,"EMP","retired","answered",,"paper",1
"P000001",2021,"INC",,"not_applicable","not_applicable","paper",0
"P000001",2021,"LSAT","6","answered",,"paper",1
"P000001",2021,"TRN",,"not_applicable","not_applicable","paper",0
"P000002",2021,"EMP","employed","answered",,"phone",1
"P000002",2021,"INC","1830","answered",,"phone",1
"P000002",2021,"LSAT","7","answered",,"phone",1
"P000002",2021,"TRN","4","answered",,"phone",1
"P000003",2021,"EMP","employed","answered",,"phone",1
"P000003",2021,"INC","810","answered",,"phone",1
"P000003",2021,"LSAT","6","answered",,"phone",1
"P000003",2021,"TRN","9","answered",,"phone",1
"P000004",2021,"EMP","employed","answered",,"web",1
"P000004",2021,"INC","1100","answered",,"web",1
"P000004",2021,"LSAT","6","answered",,"web",1
"P000004",2021,"TRN","8","answered",,"web",1
"P000005",2021,"EMP","not_in_labor_force","answered",,"web",1
"P000005",2021,"INC",,"not_applicable","not_applicable","web",0
"P000005",2021,"LSAT","6","answered",,"web",1
"P000005",2021,"TRN",,"not_applicable","not_applicable","web",0
"P000006",2021,"EMP","retired","answered",,"web",1
"P000006",2021,"INC",,"not_applicable","not_applicable","web",0
"P000006",2021,"LSAT","6","answered",,"web",1
"P000006",2021,"TRN",,"not_applicable","not_applicable","web",0
"P000007",2021,"EMP","education","answered",,"web",1
"P000007",2021,"INC",,"not_applicable","not_applicable","web",0
"P000007",2021,"LSAT","6","answered",,"web",1
"P000007",2021,"TRN","8","answered",,"web",1
"P000008",2021,"EMP","retired","answered",,"web",1
"P000008",2021,"INC",,"not_applicable","not_applicable","web",0
"P000008",2021,"LSAT","6","answered",,"web",1
"P000008",2021,"TRN",,"not_applicable","not_applicable","web",0
"P000009",2021,"EMP","employed","answered",,"web",1
"P000009",2021,"INC","4330","answered",,"web",1
"P000009",2021,"LSAT","8","answered",,"web",1
"P000009",2021,"TRN","6","answered",,"web",1
"P000010",2021,"EMP","retired","answered",,"web",1
"P000010",2021,"INC",,"not_applicable","not_applicable","web",0
"P000010",2021,"LSAT","6","answered",,"web",1
"P000010",2021,"TRN",,"not_applicable","not_applicable","web",0
"P000011",2021,"EMP","education","answered",,"web",1
"P000011",2021,"INC",,"not_applicable","not_applicable","web",0
"P000011",2021,"LSAT","6","answered",,"web",1
"P000011",2021,"TRN","9","answered",,"web",1
"P000012",2021,"EMP","employed","answered",,"web",1
"P000012",2021,"INC","2750","answered",,"web",1
"P000012",2021,"LSAT","7","answered",,"web",1
"P000012",2021,"TRN","2","answered",,"web",1
"P000013",2021,"EMP","not_in_labor_force","answered",,"web",1
"P000013",2021,"INC",,"not_applicable","not_applicable","web",0
"P000013",2021,"LSAT","6","answered",,"web",1
"P000013",2021,"TRN",,"not_applicable","not_applicable","web",0
"P000014",2021,"EMP","unemployed","answered",,"phone",1
"P000014",2021,"INC",,"not_applicable","not_applicable","phone",0
"P000014",2021,"LSAT","6","answered",,"phone",1
"P000014",2021,"TRN",,"not_applicable","not_applicable","phone",0
"P000015",2021,"EMP","retired","answered",,"paper",1
"P000015",2021,"INC",,"not_applicable","not_applicable","paper",0
"P000015",2021,"LSAT","6","answered",,"paper",1
"P000015",2021,"TRN",,"not_applicable","not_applicable","paper",0
"P000016",2021,"EMP","education","answered",,"phone",1
"P000016",2021,"INC",,"not_applicable","not_applicable","phone",0
"P000016",2021,"LSAT","7","answered",,"phone",1
"P000016",2021,"TRN","6","answered",,"phone",1
"P000017",2021,"EMP","retired","answered",,"web",1
"P000017",2021,"INC",,"not_applicable","not_applicable","web",0
"P000017",2021,"LSAT","6","answered",,"web",1
"P000017",2021,"TRN",,"not_applicable","not_applicable","web",0
"P000018",2021,"EMP","unemployed","answered",,"web",1
"P000018",2021,"INC",,"not_applicable","not_applicable","web",0
"P000018",2021,"LSAT","6","answered",,"web",1
"P000018",2021,"TRN",,"not_applicable","not_applicable","web",0
"P000019",2021,"EMP","retired","answered",,"web",1
"P000019",2021,"INC",,"not_applicable","not_applicable","web",0
"P000019",2021,"LSAT","7","answered",,"web",1
"P000019",2021,"TRN",,"not_applicable","not_applicable","web",0
"P000020",2021,"EMP","education","answered",,"web",1
"P000020",2021,"INC",,"not_applicable","not_applicable","web",0
"P000020",2021,"LSAT","7","answered",,"web",1
"P000020",2021,"TRN","7","answered",,"web",1
"P000021",2021,"EMP","retired","answered",,"web",1
"P000021",2021,"INC",,"not_applicable","not_applicable","web",0
"P000021",2021,"LSAT","7","answered",,"web",1
"P000021",2021,"TRN",,"not_applicable","not_applicable","web",0
"P000022",2021,"EMP","employed","answered",,"web",1
"P000022",2021,"INC",,"no_answer","no_answer","web",0
"P000022",2021,"LSAT","7","answered",,"web",1
"P000022",2021,"TRN","3","answered",,"web",1
"P000023",2021,"EMP","employed","answered",,"web",1
"P000023",2021,"INC","1460","answered",,"web",1
"P000023",2021,"LSAT","6","answered",,"web",1
"P000023",2021,"TRN","7","answered",,"web",1
"P000024",2021,"EMP","unemployed","answered",,"web",1
"P000024",2021,"INC",,"not_applicable","not_applicable","web",0
"P000024",2021,"LSAT","5","answered",,"web",1
"P000024",2021,"TRN",,"not_applicable","not_applicable","web",0
"P000025",2021,"EMP","unemployed","answered",,"web",1
"P000025",2021,"INC",,"not_applicable","not_applicable","web",0
"P000025",2021,"LSAT","6","answered",,"web",1
"P000025",2021,"TRN",,"not_applicable","not_applicable","web",0
"P000026",2021,"EMP","retired","answered",,"phone",1
"P000026",2021,"INC",,"not_applicable","not_applicable","phone",0
"P000026",2021,"LSAT","7","answered",,"phone",1
"P000026",2021,"TRN",,"not_applicable","not_applicable","phone",0
"P000027",2021,"EMP","employed","answered",,"web",1
"P000027",2021,"INC","2840","answered",,"web",1
"P000027",2021,"LSAT","7","answered",,"web",1
"P000027",2021,"TRN","8","answered",,"web",1
"P000028",2021,"EMP","employed","answered",,"web",1
"P000028",2021,"INC","2700","answered",,"web",1
"P000028",2021,"LSAT","6","answered",,"web",1
"P000028",2021,"TRN","8","answered",,"web",1
"P000029",2021,"EMP","employed","answered",,"web",1
"P000029",2021,"INC","3820","answered",,"web",1
"P000029",2021,"LSAT","7","answered",,"web",1
"P000029",2021,"TRN","5","answered",,"web",1
"P000030",2021,"EMP","unemployed","answered",,"phone",1
"P000030",2021,"INC",,"not_applicable","not_applicable","phone",0
"P000030",2021,"LSAT","6","answered",,"phone",1
"P000030",2021,"TRN",,"not_applicable","not_applicable","phone",0
"P000031",2021,"EMP","retired","answered",,"web",1
"P000031",2021,"INC",,"not_applicable","not_applicable","web",0
"P000031",2021,"LSAT","6","answered",,"web",1
"P000031",2021,"TRN",,"not_applicable","not_applicable","web",0
"P000032",2021,"EMP","unemployed","answered",,"paper",1
"P000032",2021,"INC",,"not_applicable","not_applicable","paper",0
"P000032",2021,"LSAT","6","answered",,"paper",1
"P000032",2021,"TRN",,"not_applicable","not_applicable","paper",0
"P000033",2021,"EMP","unemployed","answered",,"web",1
"P000033",2021,"INC",,"not_applicable","not_applicable","web",0
"P000033",2021,"LSAT","6","answered",,"web",1
"P000033",2021,"TRN",,"not_applicable","not_applicable","web",0
"P000034",2021,"EMP","not_in_labor_force","answered",,"web",1
"P000034",2021,"INC",,"not_applicable","not_applicable","web",0
"P000034",2021,"LSAT","7","answered",,"web",1
"P000034",2021,"TRN",,"not_applicable","not_applicable","web",0
"P000035",2021,"EMP","not_in_labor_force","answered",,"web",1
"P000035",2021,"INC",,"not_applicable","not_applicable","web",0
"P000035",2021,"LSAT","7","answered",,"web",1
"P000035",2021,"TRN",,"not_applicable","not_applicable","web",0
"P000036",2021,"EMP","not_in_labor_force","answered",,"web",1
"P000036",2021,"INC",,"not_applicable","not_applicable","web",0
"P000036",2021,"LSAT","6","answered",,"web",1
"P000036",2021,"TRN",,"not_applicable","not_applicable","web",0
"P000038",2021,"EMP","employed","answered",,"web",1
"P000038",2021,"INC","2760","answered",,"web",1
"P000038",2021,"LSAT",,"no_answer","no_answer","web",0
"P000038",2021,"TRN","13","answered",,"web",1
"P000039",2021,"EMP","employed","answered",,"web",1
"P000039",2021,"INC","1480","answered",,"web",1
"P000039",2021,"LSAT","7","answered",,"web",1
"P000039",2021,"TRN","3","answered",,"web",1
"P000041",2021,"EMP","retired","answered",,"phone",1
"P000041",2021,"INC",,"not_applicable","not_applicable","phone",0
"P000041",2021,"LSAT","6","answered",,"phone",1
"P000041",2021,"TRN",,"not_applicable","not_applicable","phone",0
"P000042",2021,"EMP","not_in_labor_force","answered",,"web",1
"P000042",2021,"INC",,"not_applicable","not_applicable","web",0
"P000042",2021,"LSAT","6","answered",,"web",1
"P000042",2021,"TRN",,"not_applicable","not_applicable","web",0
"P000043",2021,"EMP","education","answered",,"web",1
"P000043",2021,"INC",,"not_applicable","not_applicable","web",0
"P000043",2021,"LSAT","6","answered",,"web",1
"P000043",2021,"TRN","7","answered",,"web",1
"P000044",2021,"EMP","not_in_labor_force","answered",,"phone",1
"P000044",2021,"INC",,"not_applicable","not_applicable","phone",0
"P000044",2021,"LSAT","6","answered",,"phone",1
"P000044",2021,"TRN",,"not_applicable","not_applicable","phone",0
"P000045",2021,"EMP","retired","answered",,"web",1
"P000045",2021,"INC",,"not_applicable","not_applicable","web",0
"P000045",2021,"LSAT","7","answered",,"web",1
"P000045",2021,"TRN",,"not_applicable","not_applicable","web",0
"P000046",2021,"EMP","employed","answered",,"web",1
"P000046",2021,"INC","1340","answered",,"web",1
"P000046",2021,"LSAT","6","answered",,"web",1
"P000046",2021,"TRN","6","answered",,"web",1
"P000047",2021,"EMP","retired","answered",,"web",1
"P000047",2021,"INC",,"not_applicable","not_applicable","web",0
"P000047",2021,"LSAT","6","answered",,"web",1
"P000047",2021,"TRN",,"not_applicable","not_applicable","web",0
"P000048",2021,"EMP","employed","answered",,"phone",1
"P000048",2021,"INC","1940","answered",,"phone",1
"P000048",2021,"LSAT",,"no_answer","no_answer","phone",0
"P000048",2021,"TRN","3","answered",,"phone",1
"P000049",2021,"EMP","not_in_labor_force","answered",,"web",1
"P000049",2021,"INC",,"not_applicable","not_applicable","web",0
"P000049",2021,"LSAT","7","answered",,"web",1
"P000049",2021,"TRN",,"not_applicable","not_applicable","web",0
"P000050",2021,"EMP","retired","answered",,"paper",1
"P000050",2021,"INC",,"not_applicable","not_applicable","paper",0
"P000050",2021,"LSAT","6","answered",,"paper",1
"P000050",2021,"TRN",,"not_applicable","not_applicable","paper",0
"P000051",2021,"EMP","unemployed","answered",,"web",1
"P000051",2021,"INC",,"not_applicable","not_applicable","web",0
"P000051",2021,"LSAT",,"no_answer","no_answer","web",0
"P000051",2021,"TRN",,"not_applicable","not_applicable","web",0
"P000052",2021,"EMP","employed","answered",,"web",1
"P000052",2021,"INC","1000","answered",,"web",1
"P000052",2021,"LSAT","6","answered",,"web",1
"P000052",2021,"TRN","5","answered",,"web",1
"P000053",2021,"EMP","employed","answered",,"phone",1
"P000053",2021,"INC","4150","answered",,"phone",1
"P000053",2021,"LSAT","7","answered",,"phone",1
"P000053",2021,"TRN","4","answered",,"phone",1
"P000054",2021,"EMP","employed","answered",,"web",1
"P000054",2021,"INC","1510","answered",,"web",1
"P000054",2021,"LSAT","7","answered",,"web",1
"P000054",2021,"TRN","8","answered",,"web",1
"P000055",2021,"EMP","employed","answered",,"web",1
"P000055",2021,"INC","2080","answered",,"web",1
"P000055",2021,"LSAT","7","answered",,"web",1
"P000055",2021,"TRN","6","answered",,"web",1
"P000056",2021,"EMP","employed","answered",,"phone",1
"P000056",2021,"INC","1310","answered",,"phone",1
"P000056",2021,"LSAT","6","answered",,"phone",1
"P000056",2021,"TRN",,"no_answer","no_answer","phone",0
"P000060",2021,"EMP","employed","answered",,"phone",1
"P000060",2021,"INC","840","answered",,"phone",1
"P000060",2021,"LSAT","6","answered",,"phone",1
"P000060",2021,"TRN","7","answered",,"phone",1
"P000061",2021,"EMP","not_in_labor_force","answered",,"web",1
"P000061",2021,"INC",,"not_applicable","not_applicable","web",0
"P000061",2021,"LSAT","6","answered",,"web",1
"P000061",2021,"TRN",,"not_applicable","not_applicable","web",0
"P000063",2021,"EMP","education","answered",,"web",1
"P000063",2021,"INC",,"not_applicable","not_applicable","web",0
"P000063",2021,"LSAT","6","answered",,"web",1
"P000063",2021,"TRN","8","answered",,"web",1
"P000064",2021,"EMP","employed","answered",,"web",1
"P000064",2021,"INC","4030","answered",,"web",1
"P000064",2021,"LSAT","7","answered",,"web",1
"P000064",2021,"TRN","5","answered",,"web",1
"P000066",2021,"EMP","employed","answered",,"web",1
"P000066",2021,"INC","2360","answered",,"web",1
"P000066",2021,"LSAT","7","answered",,"web",1
"P000066",2021,"TRN","4","answered",,"web",1
"P000067",2021,"EMP","not_in_labor_force","answered",,"web",1
"P000067",2021,"INC",,"not_applicable","not_applicable","web",0
"P000067",2021,"LSAT","7","answered",,"web",1
"P000067",2021,"TRN",,"not_applicable","not_applicable","web",0
"P000068",2021,"EMP","not_in_labor_force","answered",,"web",1
"P000068",2021,"INC",,"not_applicable","not_applicable","web",0
"P000068",2021,"LSAT","6","answered",,"web",1
"P000068",2021,"TRN",,"not_applicable","not_applicable","web",0
"P000069",2021,"EMP","employed","answered",,"web",1
"P000069",2021,"INC","1020","answered",,"web",1
"P000069",2021,"LSAT","6","answered",,"web",1
"P000069",2021,"TRN","4","answered",,"web",1
"P000070",2021,"EMP","employed","answered",,"web",1
"P000070",2021,"INC","3070","answered",,"web",1
"P000070",2021,"LSAT","7","answered",,"web",1
"P000070",2021,"TRN","2","answered",,"web",1
"P000072",2021,"EMP","retired","answered",,"web",1
"P000072",2021,"INC",,"not_applicable","not_applicable","web",0
"P000072",2021,"LSAT","6","answered",,"web",1
"P000072",2021,"TRN",,"not_applicable","not_applicable","web",0
"P000073",2021,"EMP","retired","answered",,"phone",1
"P000073",2021,"INC",,"not_applicable","not_applicable","phone",0
"P000073",2021,"LSAT","7","answered",,"phone",1
"P000073",2021,"TRN",,"not_applicable","not_applicable","phone",0
"P000074",2021,"EMP","employed","answered",,"phone",1
"P000074",2021,"INC","2250","answered",,"phone",1
"P000074",2021,"LSAT","7","answered",,"phone",1
"P000074",2021,"TRN","2","answered",,"phone",1
"P000075",2021,"EMP","employed","answered",,"web",1
"P000075",2021,"INC","3230","answered",,"web",1
"P000075",2021,"LSAT","7","answered",,"web",1
"P000075",2021,"TRN","8","answered",,"web",1
"P000076",2021,"EMP","retired","answered",,"web",1
"P000076",2021,"INC",,"not_applicable","not_applicable","web",0
"P000076",2021,"LSAT","6","answered",,"web",1
"P000076",2021,"TRN",,"not_applicable","not_applicable","web",0
"P000077",2021,"EMP","employed","answered",,"web",1
"P000077",2021,"INC","1970","answered",,"web",1
"P000077",2021,"LSAT","7","answered",,"web",1
"P000077",2021,"TRN","4","answered",,"web",1
"P000078",2021,"EMP","retired","answered",,"phone",1
"P000078",2021,"INC",,"not_applicable","not_applicable","phone",0
"P000078",2021,"LSAT","6","answered",,"phone",1
"P000078",2021,"TRN",,"not_applicable","not_applicable","phone",0
"P000080",2021,"EMP","employed","answered",,"phone",1
"P000080",2021,"INC","2360","answered",,"phone",1
"P000080",2021,"LSAT","7","answered",,"phone",1
"P000080",2021,"TRN","4","answered",,"phone",1
"P000081",2021,"EMP","retired","answered",,"web",1
"P000081",2021,"INC",,"not_applicable","not_applicable","web",0
"P000081",2021,"LSAT","7","answered",,"web",1
"P000081",2021,"TRN",,"not_applicable","not_applicable","web",0
"P000082",2021,"EMP","employed","answered",,"web",1
"P000082",2021,"INC","3230","answered",,"web",1
"P000082",2021,"LSAT","7","answered",,"web",1
"P000082",2021,"TRN","5","answered",,"web",1
"P000083",2021,"EMP","retired","answered",,"web",1
"P000083",2021,"INC",,"not_applicable","not_applicable","web",0
"P000083",2021,"LSAT","6","answered",,"web",1
"P000083",2021,"TRN",,"not_applicable","not_applicable","web",0
"P000084",2021,"EMP","unemployed","answered",,"paper",1
"P000084",2021,"INC",,"not_applicable","not_applicable","paper",0
"P000084",2021,"LSAT","5","answered",,"paper",1
"P000084",2021,"TRN",,"not_applicable","not_applicable","paper",0
"P000086",2021,"EMP","employed","answered",,"web",1
"P000086",2021,"INC","2760","answered",,"web",1
"P000086",2021,"LSAT","7","answered",,"web",1
"P000086",2021,"TRN",,"no_answer","no_answer","web",0
"P000088",2021,"EMP","employed","answered",,"web",1
"P000088",2021,"INC","2720","answered",,"web",1
"P000088",2021,"LSAT",,"no_answer","no_answer","web",0
"P000088",2021,"TRN","6","answered",,"web",1
"P000089",2021,"EMP","retired","answered",,"web",1
"P000089",2021,"INC",,"not_applicable","not_applicable","web",0
"P000089",2021,"LSAT","6","answered",,"web",1
"P000089",2021,"TRN",,"not_applicable","not_applicable","web",0
"P000090",2021,"EMP","unemployed","answered",,"web",1
"P000090",2021,"INC",,"not_applicable","not_applicable","web",0
"P000090",2021,"LSAT","6","answered",,"web",1
"P000090",2021,"TRN",,"not_applicable","not_applicable","web",0
"P000093",2021,"EMP","retired","answered",,"web",1
"P000093",2021,"INC",,"not_applicable","not_applicable","web",0
"P000093",2021,"LSAT","7","answered",,"web",1
"P000093",2021,"TRN",,"not_applicable","not_applicable","web",0
"P000094",2021,"EMP","retired","answered",,"web",1
"P000094",2021,"INC",,"not_applicable","not_applicable","web",0
"P000094",2021,"LSAT","7","answered",,"web",1
"P000094",2021,"TRN",,"not_applicable","not_applicable","web",0
"P000095",2021,"EMP","employed","answered",,"phone",1
"P000095",2021,"INC","1190","answered",,"phone",1
"P000095",2021,"LSAT","6","answered",,"phone",1
"P000095",2021,"TRN","4","answered",,"phone",1
"P000097",2021,"EMP","unemployed","answered",,"phone",1
"P000097",2021,"INC",,"not_applicable","not_applicable","phone",0
"P000097",2021,"LSAT","6","answered",,"phone",1
"P000097",2021,"TRN",,"not_applicable","not_applicable","phone",0
"P000098",2021,"EMP","employed","answered",,"web",1
"P000098",2021,"INC",,"no_answer","no_answer","web",0
"P000098",2021,"LSAT","7","answered",,"web",1
"P000098",2021,"TRN","3","answered",,"web",1
"P000099",2021,"EMP","unemployed","answered",,"web",1
"P000099",2021,"INC",,"not_applicable","not_applicable","web",0
"P000099",2021,"LSAT","6","answered",,"web",1
"P000099",2021,"TRN",,"not_applicable","not_applicable","web",0
"P000100",2021,"EMP","employed","answered",,"paper",1
"P000100",2021,"INC","1840","answered",,"paper",1
"P000100",2021,"LSAT","7","answered",,"paper",1
"P000100",2021,"TRN","2","answered",,"paper",1
"P000101",2021,"EMP","not_in_labor_force","answered",,"phone",1
"P000101",2021,"INC",,"not_applicable","not_applicable","phone",0
"P000101",2021,"LSAT","6","answered",,"phone",1
"P000101",2021,"TRN",,"not_applicable","not_applicable","phone",0
"P000102",2021,"EMP","retired","answered",,"paper",1
"P000102",2021,"INC",,"not_applicable","not_applicable","paper",0
"P000102",2021,"LSAT","6","answered",,"paper",1
"P000102",2021,"TRN",,"not_applicable","not_applicable","paper",0
"P000103",2021,"EMP","employed","answered",,"web",1
"P000103",2021,"INC","1240","answered",,"web",1
"P000103",2021,"LSAT","7","answered",,"web",1
"P000103",2021,"TRN","4","answered",,"web",1
"P000104",2021,"EMP","unemployed","answered",,"web",1
"P000104",2021,"INC",,"not_applicable","not_applicable","web",0
"P000104",2021,"LSAT","6","answered",,"web",1
"P000104",2021,"TRN",,"not_applicable","not_applicable","web",0
"P000106",2021,"EMP","employed","answered",,"web",1
"P000106",2021,"INC","1850","answered",,"web",1
"P000106",2021,"LSAT","6","answered",,"web",1
"P000106",2021,"TRN","7","answered",,"web",1
"P000107",2021,"EMP","retired","answered",,"web",1
"P000107",2021,"INC",,"not_applicable","not_applicable","web",0
"P000107",2021,"LSAT","6","answered",,"web",1
"P000107",2021,"TRN",,"not_applicable","not_applicable","web",0
"P000108",2021,"EMP","retired","answered",,"phone",1
"P000108",2021,"INC",,"not_applicable","not_applicable","phone",0
"P000108",2021,"LSAT","7","answered",,"phone",1
"P000108",2021,"TRN",,"not_applicable","not_applicable","phone",0
"P000109",2021,"EMP","employed","answered",,"web",1
"P000109",2021,"INC","1920","answered",,"web",1
"P000109",2021,"LSAT",,"no_answer","no_answer","web",0
"P000109",2021,"TRN","3","answered",,"web",1
"P000110",2021,"EMP","employed","answered",,"paper",1
"P000110",2021,"INC","6450","answered",,"paper",1
"P000110",2021,"LSAT",,"no_answer","no_answer","paper",0
"P000110",2021,"TRN","6","answered",,"paper",1
"P000111",2021,"EMP","unemployed","answered",,"phone",1
"P000111",2021,"INC",,"not_applicable","not_applicable","phone",0
"P000111",2021,"LSAT","5","answered",,"phone",1
"P000111",2021,"TRN",,"not_applicable","not_applicable","phone",0
"P000112",2021,"EMP","not_in_labor_force","answered",,"web",1
"P000112",2021,"INC",,"not_applicable","not_applicable","web",0
"P000112",2021,"LSAT","7","answered",,"web",1
"P000112",2021,"TRN",,"not_applicable","not_applicable","web",0
"P000114",2021,"EMP","employed","answered",,"paper",1
"P000114",2021,"INC","3400","answered",,"paper",1
"P000114",2021,"LSAT","7","answered",,"paper",1
"P000114",2021,"TRN","12","answered",,"paper",1
"P000115",2021,"EMP","retired","answered",,"web",1
"P000115",2021,"INC",,"not_applicable","not_applicable","web",0
"P000115",2021,"LSAT","6","answered",,"web",1
"P000115",2021,"TRN",,"not_applicable","not_applicable","web",0
"P000116",2021,"EMP","unemployed","answered",,"paper",1
"P000116",2021,"INC",,"not_applicable","not_applicable","paper",0
"P000116",2021,"LSAT","6","answered",,"paper",1
"P000116",2021,"TRN",,"not_applicable","not_applicable","paper",0
"P000117",2021,"EMP","employed","answered",,"phone",1
"P000117",2021,"INC","1420","answered",,"phone",1
"P000117",2021,"LSAT","7","answered",,"phone",1
"P000117",2021,"TRN","6","answered",,"phone",1
"P000118",2021,"EMP","employed","answered",,"web",1
"P000118",2021,"INC","1510","answered",,"web",1
"P000118",2021,"LSAT","7","answered",,"web",1
"P000118",2021,"TRN","4","answered",,"web",1
"P000119",2021,"EMP","unemployed","answered",,"web",1
"P000119",2021,"INC",,"not_applicable","not_applicable","web",0
"P000119",2021,"LSAT","6","answered",,"web",1
"P000119",2021,"TRN",,"not_applicable","not_applicable","web",0
"P000120",2021,"EMP","unemployed","answered",,"paper",1
"P000120",2021,"INC",,"not_applicable","not_applicable","paper",0
"P000120",2021,"LSAT","6","answered",,"paper",1
"P000120",2021,"TRN",,"not_applicable","not_applicable","paper",0
"P000121",2021,"EMP","retired","answered",,"web",1
"P000121",2021,"INC",,"not_applicable","not_applicable","web",0
"P000121",2021,"LSAT","6","answered",,"web",1
"P000121",2021,"TRN",,"not_applicable","not_applicable","web",0
"P000122",2021,"EMP","retired","answered",,"web",1
"P000122",2021,"INC",,"not_applicable","not_applicable","web",0
"P000122",2021,"LSAT","6","answered",,"web",1
"P000122",2021,"TRN",,"not_applicable","not_applicable","web",0
"P000123",2021,"EMP","not_in_labor_force","answered",,"web",1
"P000123",2021,"INC",,"not_applicable","not_applicable","web",0
"P000123",2021,"LSAT","6","answered",,"web",1
"P000123",2021,"TRN",,"not_applicable","not_applicable","web",0
"P000124",2021,"EMP","retired","answered",,"web",1
"P000124",2021,"INC",,"not_applicable","not_applicable","web",0
"P000124",2021,"LSAT","7","answered",,"web",1
"P000124",2021,"TRN",,"not_applicable","not_applicable","web",0
"P000126",2021,"EMP","not_in_labor_force","answered",,"phone",1
"P000126",2021,"INC",,"not_applicable","not_applicable","phone",0
"P000126",2021,"LSAT","6","answered",,"phone",1
"P000126",2021,"TRN",,"not_applicable","not_applicable","phone",0
"P000127",2021,"EMP","employed","answered",,"web",1
"P000127",2021,"INC","4180","answered",,"web",1
"P000127",2021,"LSAT",,"no_answer","no_answer","web",0
"P000127",2021,"TRN","5","answered",,"web",1
"P000128",2021,"EMP","unemployed","answered",,"web",1
"P000128",2021,"INC",,"not_applicable","not_applicable","web",0
"P000128",2021,"LSAT","6","answered",,"web",1
"P000128",2021,"TRN",,"not_applicable","not_applicable","web",0
"P000130",2021,"EMP","retired","answered",,"web",1
"P000130",2021,"INC",,"not_applicable","not_applicable","web",0
"P000130",2021,"LSAT","7","answered",,"web",1
"P000130",2021,"TRN",,"not_applicable","not_applicable","web",0
"P000131",2021,"EMP","employed","answered",,"phone",1
"P000131",2021,"INC","1410","answered",,"phone",1
"P000131",2021,"LSAT","7","answered",,"phone",1
"P000131",2021,"TRN","2","answered",,"phone",1
"P000132",2021,"EMP","unemployed","answered",,"web",1
"P000132",2021,"INC",,"not_applicable","not_applicable","web",0
"P000132",2021,"LSAT","5","answered",,"web",1
"P000132",2021,"TRN",,"not_applicable","not_applicable","web",0
"P000133",2021,"EMP","education","answered",,"web",1
"P000133",2021,"INC",,"not_applicable","not_applicable","web",0
"P000133",2021,"LSAT",,"no_answer","no_answer","web",0
"P000133",2021,"TRN","9","answered",,"web",1
"P000134",2021,"EMP","not_in_labor_force","answered",,"phone",1
"P000134",2021,"INC",,"not_applicable","not_applicable","phone",0
"P000134",2021,"LSAT","6","answered",,"phone",1
"P000134",2021,"TRN",,"not_applicable","not_applicable","phone",0
"P000135",2021,"EMP","education","answered",,"phone",1
"P000135",2021,"INC",,"not_applicable","not_applicable","phone",0
"P000135",2021,"LSAT","6","answered",,"phone",1
"P000135",2021,"TRN","6","answered",,"phone",1
"P000136",2021,"EMP","employed","answered",,"web",1
"P000136",2021,"INC","2550","answered",,"web",1
"P000136",2021,"LSAT","7","answered",,"web",1
"P000136",2021,"TRN","5","answered",,"web",1
"P000137",2021,"EMP","employed","answered",,"paper",1
"P000137",2021,"INC","4080","answered",,"paper",1
"P000137",2021,"LSAT","7","answered",,"paper",1
"P000137",2021,"TRN","5","answered",,"paper",1
"P000138",2021,"EMP","employed","answered",,"web",1
"P000138",2021,"INC","4080","answered",,"web",1
"P000138",2021,"LSAT","7","answered",,"web",1
"P000138",2021,"TRN","5","answered",,"web",1
"P000139",2021,"EMP","employed","answered",,"web",1
"P000139",2021,"INC","2420","answered",,"web",1
"P000139",2021,"LSAT","7","answered",,"web",1
"P000139",2021,"TRN","6","answered",,"web",1
"P000140",2021,"EMP","employed","answered",,"phone",1
"P000140",2021,"INC","1690","answered",,"phone",1
"P000140",2021,"LSAT","7","answered",,"phone",1
"P000140",2021,"TRN","3","answered",,"phone",1
"P000141",2021,"EMP","education","answered",,"web",1
"P000141",2021,"INC",,"not_applicable","not_applicable","web",0
"P000141",2021,"LSAT","7","answered",,"web",1
"P000141",2021,"TRN","12","answered",,"web",1
"P000142",2021,"EMP","employed","answered",,"web",1
"P000142",2021,"INC","1900","answered",,"web",1
"P000142",2021,"LSAT","7","answered",,"web",1
"P000142",2021,"TRN","6","answered",,"web",1
"P000143",2021,"EMP","employed","answered",,"web",1
"P000143",2021,"INC","1170","answered",,"web",1
"P000143",2021,"LSAT","6","answered",,"web",1
"P000143",2021,"TRN","7","answered",,"web",1
"P000144",2021,"EMP","employed","answered",,"phone",1
"P000144",2021,"INC","3060","answered",,"phone",1
"P000144",2021,"LSAT","7","answered",,"phone",1
"P000144",2021,"TRN","7","answered",,"phone",1
"P000145",2021,"EMP","employed","answered",,"web",1
"P000145",2021,"INC","3080","answered",,"web",1
"P000145",2021,"LSAT","7","answered",,"web",1
"P000145",2021,"TRN","1","answered",,"web",1
"P000146",2021,"EMP","employed","answered",,"web",1
"P000146",2021,"INC","1050","answered",,"web",1
"P000146",2021,"LSAT","6","answered",,"web",1
"P000146",2021,"TRN","5","answered",,"web",1
"P000147",2021,"EMP","employed","answered",,"web",1
"P000147",2021,"INC","1980","answered",,"web",1
"P000147",2021,"LSAT","7","answered",,"web",1
"P000147",2021,"TRN","7","answered",,"web",1
"P000148",2021,"EMP","employed","answered",,"paper",1
"P000148",2021,"INC","1140","answered",,"paper",1
"P000148",2021,"LSAT","7","answered",,"paper",1
"P000148",2021,"TRN","5","answered",,"paper",1
"P000149",2021,"EMP","retired","answered",,"paper",1
"P000149",2021,"INC",,"not_applicable","not_applicable","paper",0
"P000149",2021,"LSAT","7","answered",,"paper",1
"P000149",2021,"TRN",,"not_applicable","not_applicable","paper",0
"P000150",2021,"EMP","retired","answered",,"web",1
"P000150",2021,"INC",,"not_applicable","not_applicable","web",0
"P000150",2021,"LSAT","6","answered",,"web",1
"P000150",2021,"TRN",,"not_applicable","not_applicable","web",0
"P000151",2021,"EMP","retired","answered",,"phone",1
"P000151",2021,"INC",,"not_applicable","not_applicable","phone",0
"P000151",2021,"LSAT","6","answered",,"phone",1
"P000151",2021,"TRN",,"not_applicable","not_applicable","phone",0
"P000152",2021,"EMP","employed","answered",,"web",1
"P000152",2021,"INC","1740","answered",,"web",1
"P000152",2021,"LSAT","7","answered",,"web",1
"P000152",2021,"TRN","6","answered",,"web",1
"P000153",2021,"EMP","unemployed","answered",,"paper",1
"P000153",2021,"INC",,"not_applicable","not_applicable","paper",0
"P000153",2021,"LSAT","5","answered",,"paper",1
"P000153",2021,"TRN",,"not_applicable","not_applicable","paper",0
"P000154",2021,"EMP","employed","answered",,"phone",1
"P000154",2021,"INC","1900","answered",,"phone",1
"P000154",2021,"LSAT","7","answered",,"phone",1
"P000154",2021,"TRN","8","answered",,"phone",1
"P000155",2021,"EMP","retired","answered",,"web",1
"P000155",2021,"INC",,"not_applicable","not_applicable","web",0
"P000155",2021,"LSAT",,"no_answer","no_answer","web",0
"P000155",2021,"TRN",,"not_applicable","not_applicable","web",0
"P000001",2022,"EMP","retired","answered",,"paper",1
"P000001",2022,"INC",,"not_applicable","not_applicable","paper",0
"P000001",2022,"LSAT","6","answered",,"paper",1
"P000001",2022,"TRN",,"not_applicable","not_applicable","paper",0
"P000002",2022,"EMP","employed","answered",,"web",1
"P000002",2022,"INC","1880","answered",,"web",1
"P000002",2022,"LSAT","7","answered",,"web",1
"P000002",2022,"TRN","7","answered",,"web",1
"P000003",2022,"EMP","employed","answered",,"web",1
"P000003",2022,"INC","1090","answered",,"web",1
"P000003",2022,"LSAT",,"no_answer","no_answer","web",0
"P000003",2022,"TRN","5","answered",,"web",1
"P000004",2022,"EMP","employed","answered",,"web",1
"P000004",2022,"INC","1050","answered",,"web",1
"P000004",2022,"LSAT","6","answered",,"web",1
"P000004",2022,"TRN","3","answered",,"web",1
"P000005",2022,"EMP","not_in_labor_force","answered",,"web",1
"P000005",2022,"INC",,"not_applicable","not_applicable","web",0
"P000005",2022,"LSAT","6","answered",,"web",1
"P000005",2022,"TRN",,"not_applicable","not_applicable","web",0
"P000006",2022,"EMP","retired","answered",,"web",1
"P000006",2022,"INC",,"not_applicable","not_applicable","web",0
"P000006",2022,"LSAT",,"no_answer","no_answer","web",0
"P000006",2022,"TRN",,"not_applicable","not_applicable","web",0
"P000007",2022,"EMP","employed","answered",,"web",1
"P000007",2022,"INC","1030","answered",,"web",1
"P000007",2022,"LSAT","7","answered",,"web",1
"P000007",2022,"TRN","7","answered",,"web",1
"P000008",2022,"EMP","retired","answered",,"web",1
"P000008",2022,"INC",,"not_applicable","not_applicable","web",0
"P000008",2022,"LSAT","6","answered",,"web",1
"P000008",2022,"TRN",,"not_applicable","not_applicable","web",0
"P000009",2022,"EMP","employed","answered",,"web",1
"P000009",2022,"INC","1890","answered",,"web",1
"P000009",2022,"LSAT","7","answered",,"web",1
"P000009",2022,"TRN","6","answered",,"web",1
"P000010",2022,"EMP","retired","answered",,"web",1
"P000010",2022,"INC",,"not_applicable","not_applicable","web",0
"P000010",2022,"LSAT","6","answered",,"web",1
"P000010",2022,"TRN",,"not_applicable","not_applicable","web",0
"P000011",2022,"EMP","education","answered",,"web",1
"P000011",2022,"INC",,"not_applicable","not_applicable","web",0
"P000011",2022,"LSAT","6","answered",,"web",1
"P000011",2022,"TRN","9","answered",,"web",1
"P000012",2022,"EMP","employed","answered",,"web",1
"P000012",2022,"INC","2970","answered",,"web",1
"P000012",2022,"LSAT","7","answered",,"web",1
"P000012",2022,"TRN","9","answered",,"web",1
"P000013",2022,"EMP","not_in_labor_force","answered",,"web",1
"P000013",2022,"INC",,"not_applicable","not_applicable","web",0
"P000013",2022,"LSAT","7","answered",,"web",1
"P000013",2022,"TRN",,"not_applicable","not_applicable","web",0
"P000014",2022,"EMP","unemployed","answered",,"phone",1
"P000014",2022,"INC",,"not_applicable","not_applicable","phone",0
"P000014",2022,"LSAT","6","answered",,"phone",1
"P000014",2022,"TRN",,"not_applicable","not_applicable","phone",0
"P000015",2022,"EMP","retired","answered",,"paper",1
"P000015",2022,"INC",,"not_applicable","not_applicable","paper",0
"P000015",2022,"LSAT","6","answered",,"paper",1
"P000015",2022,"TRN",,"not_applicable","not_applicable","paper",0
"P000017",2022,"EMP","retired","answered",,"web",1
"P000017",2022,"INC",,"not_applicable","not_applicable","web",0
"P000017",2022,"LSAT","6","answered",,"web",1
"P000017",2022,"TRN",,"not_applicable","not_applicable","web",0
"P000018",2022,"EMP","unemployed","answered",,"web",1
"P000018",2022,"INC",,"not_applicable","not_applicable","web",0
"P000018",2022,"LSAT","6","answered",,"web",1
"P000018",2022,"TRN",,"not_applicable","not_applicable","web",0
"P000019",2022,"EMP","retired","answered",,"web",1
"P000019",2022,"INC",,"not_applicable","not_applicable","web",0
"P000019",2022,"LSAT",,"no_answer","no_answer","web",0
"P000019",2022,"TRN",,"not_applicable","not_applicable","web",0
"P000021",2022,"EMP","retired","answered",,"web",1
"P000021",2022,"INC",,"not_applicable","not_applicable","web",0
"P000021",2022,"LSAT","7","answered",,"web",1
"P000021",2022,"TRN",,"not_applicable","not_applicable","web",0
"P000022",2022,"EMP","employed","answered",,"web",1
"P000022",2022,"INC",,"no_answer","no_answer","web",0
"P000022",2022,"LSAT","7","answered",,"web",1
"P000022",2022,"TRN","2","answered",,"web",1
"P000024",2022,"EMP","not_in_labor_force","answered",,"web",1
"P000024",2022,"INC",,"not_applicable","not_applicable","web",0
"P000024",2022,"LSAT","6","answered",,"web",1
"P000024",2022,"TRN",,"not_applicable","not_applicable","web",0
"P000025",2022,"EMP","unemployed","answered",,"web",1
"P000025",2022,"INC",,"not_applicable","not_applicable","web",0
"P000025",2022,"LSAT","6","answered",,"web",1
"P000025",2022,"TRN",,"not_applicable","not_applicable","web",0
"P000026",2022,"EMP","retired","answered",,"web",1
"P000026",2022,"INC",,"not_applicable","not_applicable","web",0
"P000026",2022,"LSAT","6","answered",,"web",1
"P000026",2022,"TRN",,"not_applicable","not_applicable","web",0
"P000027",2022,"EMP","employed","answered",,"web",1
"P000027",2022,"INC","4160","answered",,"web",1
"P000027",2022,"LSAT","8","answered",,"web",1
"P000027",2022,"TRN","5","answered",,"web",1
"P000028",2022,"EMP","employed","answered",,"web",1
"P000028",2022,"INC","3560","answered",,"web",1
"P000028",2022,"LSAT","7","answered",,"web",1
"P000028",2022,"TRN","3","answered",,"web",1
"P000029",2022,"EMP","employed","answered",,"web",1
"P000029",2022,"INC","4740","answered",,"web",1
"P000029",2022,"LSAT","7","answered",,"web",1
"P000029",2022,"TRN","4","answered",,"web",1
"P000030",2022,"EMP","unemployed","answered",,"phone",1
"P000030",2022,"INC",,"not_applicable","not_applicable","phone",0
"P000030",2022,"LSAT","6","answered",,"phone",1
"P000030",2022,"TRN",,"not_applicable","not_applicable","phone",0
"P000032",2022,"EMP","employed","answered",,"paper",1
"P000032",2022,"INC","6720","answered",,"paper",1
"P000032",2022,"LSAT","8","answered",,"paper",1
"P000032",2022,"TRN","5","answered",,"paper",1
"P000034",2022,"EMP","not_in_labor_force","answered",,"web",1
"P000034",2022,"INC",,"not_applicable","not_applicable","web",0
"P000034",2022,"LSAT","7","answered",,"web",1
"P000034",2022,"TRN",,"not_applicable","not_applicable","web",0
"P000035",2022,"EMP","not_in_labor_force","answered",,"web",1
"P000035",2022,"INC",,"not_applicable","not_applicable","web",0
"P000035",2022,"LSAT","7","answered",,"web",1
"P000035",2022,"TRN",,"not_applicable","not_applicable","web",0
"P000036",2022,"EMP","not_in_labor_force","answered",,"web",1
"P000036",2022,"INC",,"not_applicable","not_applicable","web",0
"P000036",2022,"LSAT","6","answered",,"web",1
"P000036",2022,"TRN",,"not_applicable","not_applicable","web",0
"P000038",2022,"EMP","employed","answered",,"web",1
"P000038",2022,"INC","3600","answered",,"web",1
"P000038",2022,"LSAT","7","answered",,"web",1
"P000038",2022,"TRN","5","answered",,"web",1
"P000039",2022,"EMP","employed","answered",,"web",1
"P000039",2022,"INC","2290","answered",,"web",1
"P000039",2022,"LSAT","7","answered",,"web",1
"P000039",2022,"TRN","0","answered",,"web",1
"P000041",2022,"EMP","retired","answered",,"phone",1
"P000041",2022,"INC",,"not_applicable","not_applicable","phone",0
"P000041",2022,"LSAT","6","answered",,"phone",1
"P000041",2022,"TRN",,"not_applicable","not_applicable","phone",0
"P000042",2022,"EMP","not_in_labor_force","answered",,"web",1
"P000042",2022,"INC",,"not_applicable","not_applicable","web",0
"P000042",2022,"LSAT","6","answered",,"web",1
"P000042",2022,"TRN",,"not_applicable","not_applicable","web",0
"P000043",2022,"EMP","employed","answered",,"web",1
"P000043",2022,"INC","1610","answered",,"web",1
"P000043",2022,"LSAT","7","answered",,"web",1
"P000043",2022,"TRN","3","answered",,"web",1
"P000044",2022,"EMP","not_in_labor_force","answered",,"phone",1
"P000044",2022,"INC",,"not_applicable","not_applicable","phone",0
"P000044",2022,"LSAT","6","answered",,"phone",1
"P000044",2022,"TRN",,"not_applicable","not_applicable","phone",0
"P000045",2022,"EMP","retired","answered",,"web",1
"P000045",2022,"INC",,"not_applicable","not_applicable","web",0
"P000045",2022,"LSAT","6","answered",,"web",1
"P000045",2022,"TRN",,"not_applicable","not_applicable","web",0
"P000046",2022,"EMP","employed","answered",,"web",1
"P000046",2022,"INC","1610","answered",,"web",1
"P000046",2022,"LSAT","7","answered",,"web",1
"P000046",2022,"TRN","4","answered",,"web",1
"P000047",2022,"EMP","retired","answered",,"web",1
"P000047",2022,"INC",,"not_applicable","not_applicable","web",0
"P000047",2022,"LSAT","6","answered",,"web",1
"P000047",2022,"TRN",,"not_applicable","not_applicable","web",0
"P000048",2022,"EMP","employed","answered",,"web",1
"P000048",2022,"INC","2240","answered",,"web",1
"P000048",2022,"LSAT","7","answered",,"web",1
"P000048",2022,"TRN","5","answered",,"web",1
"P000049",2022,"EMP","not_in_labor_force","answered",,"web",1
"P000049",2022,"INC",,"not_applicable","not_applicable","web",0
"P000049",2022,"LSAT","6","answered",,"web",1
"P000049",2022,"TRN",,"not_applicable","not_applicable","web",0
"P000050",2022,"EMP","retired","answered",,"paper",1
"P000050",2022,"INC",,"not_applicable","not_applicable","paper",0
"P000050",2022,"LSAT","6","answered",,"paper",1
"P000050",2022,"TRN",,"not_applicable","not_applicable","paper",0
"P000051",2022,"EMP","unemployed","answered",,"web",1
"P000051",2022,"INC",,"not_applicable","not_applicable","web",0
"P000051",2022,"LSAT","6","answered",,"web",1
"P000051",2022,"TRN",,"not_applicable","not_applicable","web",0
"P000052",2022,"EMP","employed","answered",,"web",1
"P000052",2022,"INC",,"no_answer","no_answer","web",0
"P000052",2022,"LSAT","6","answered",,"web",1
"P000052",2022,"TRN","6","answered",,"web",1
"P000053",2022,"EMP","employed","answered",,"web",1
"P000053",2022,"INC","3710","answered",,"web",1
"P000053",2022,"LSAT","7","answered",,"web",1
"P000053",2022,"TRN","5","answered",,"web",1
"P000054",2022,"EMP","employed","answered",,"web",1
"P000054",2022,"INC","1420","answered",,"web",1
"P000054",2022,"LSAT","7","answered",,"web",1
"P000054",2022,"TRN","5","answered",,"web",1
"P000055",2022,"EMP","employed","answered",,"web",1
"P000055",2022,"INC","2050","answered",,"web",1
"P000055",2022,"LSAT","7","answered",,"web",1
"P000055",2022,"TRN","4","answered",,"web",1
"P000056",2022,"EMP","employed","answered",,"web",1
"P000056",2022,"INC","1100","answered",,"web",1
"P000056",2022,"LSAT","6","answered",,"web",1
"P000056",2022,"TRN","3","answered",,"web",1
"P000060",2022,"EMP","employed","answered",,"web",1
"P000060",2022,"INC","980","answered",,"web",1
"P000060",2022,"LSAT","6","answered",,"web",1
"P000060",2022,"TRN","6","answered",,"web",1
"P000061",2022,"EMP","not_in_labor_force","answered",,"web",1
"P000061",2022,"INC",,"not_applicable","not_applicable","web",0
"P000061",2022,"LSAT","6","answered",,"web",1
"P000061",2022,"TRN",,"not_applicable","not_applicable","web",0
"P000063",2022,"EMP","employed","answered",,"web",1
"P000063",2022,"INC","5710","answered",,"web",1
"P000063",2022,"LSAT","7","answered",,"web",1
"P000063",2022,"TRN","6","answered",,"web",1
"P000064",2022,"EMP","employed","answered",,"web",1
"P000064",2022,"INC","3410","answered",,"web",1
"P000064",2022,"LSAT","7","answered",,"web",1
"P000064",2022,"TRN","6","answered",,"web",1
"P000066",2022,"EMP","employed","answered",,"web",1
"P000066",2022,"INC","4400","answered",,"web",1
"P000066",2022,"LSAT","7","answered",,"web",1
"P000066",2022,"TRN","1","answered",,"web",1
"P000067",2022,"EMP","not_in_labor_force","answered",,"web",1
"P000067",2022,"INC",,"not_applicable","not_applicable","web",0
"P000067",2022,"LSAT","7","answered",,"web",1
"P000067",2022,"TRN",,"not_applicable","not_applicable","web",0
"P000068",2022,"EMP","not_in_labor_force","answered",,"web",1
"P000068",2022,"INC",,"not_applicable","not_applicable","web",0
"P000068",2022,"LSAT","6","answered",,"web",1
"P000068",2022,"TRN",,"not_applicable","not_applicable","web",0
"P000069",2022,"EMP","employed","answered",,"web",1
"P000069",2022,"INC","1570","answered",,"web",1
"P000069",2022,"LSAT","7","answered",,"web",1
"P000069",2022,"TRN","2","answered",,"web",1
"P000070",2022,"EMP","employed","answered",,"web",1
"P000070",2022,"INC","2730","answered",,"web",1
"P000070",2022,"LSAT","7","answered",,"web",1
"P000070",2022,"TRN","7","answered",,"web",1
"P000072",2022,"EMP","retired","answered",,"web",1
"P000072",2022,"INC",,"not_applicable","not_applicable","web",0
"P000072",2022,"LSAT","6","answered",,"web",1
"P000072",2022,"TRN",,"not_applicable","not_applicable","web",0
"P000073",2022,"EMP","retired","answered",,"phone",1
"P000073",2022,"INC",,"not_applicable","not_applicable","phone",0
"P000073",2022,"LSAT","7","answered",,"phone",1
"P000073",2022,"TRN",,"not_applicable","not_applicable","phone",0
"P000074",2022,"EMP","employed","answered",,"web",1
"P000074",2022,"INC","2120","answered",,"web",1
"P000074",2022,"LSAT","7","answered",,"web",1
"P000074",2022,"TRN","6","answered",,"web",1
"P000075",2022,"EMP","employed","answered",,"web",1
"P000075",2022,"INC","3730","answered",,"web",1
"P000075",2022,"LSAT","7","answered",,"web",1
"P000075",2022,"TRN","4","answered",,"web",1
"P000076",2022,"EMP","retired","answered",,"web",1
"P000076",2022,"INC",,"not_applicable","not_applicable","web",0
"P000076",2022,"LSAT","6","answered",,"web",1
"P000076",2022,"TRN",,"not_applicable","not_applicable","web",0
"P000077",2022,"EMP","employed","answered",,"web",1
"P000077",2022,"INC","3580","answered",,"web",1
"P000077",2022,"LSAT","7","answered",,"web",1
"P000077",2022,"TRN","5","answered",,"web",1
"P000078",2022,"EMP","retired","answered",,"web",1
"P000078",2022,"INC",,"not_applicable","not_applicable","web",0
"P000078",2022,"LSAT","7","answered",,"web",1
"P000078",2022,"TRN",,"not_applicable","not_applicable","web",0
"P000080",2022,"EMP","employed","answered",,"phone",1
"P000080",2022,"INC","1300","answered",,"phone",1
"P000080",2022,"LSAT",,"no_answer","no_answer","phone",0
"P000080",2022,"TRN","3","answered",,"phone",1
"P000082",2022,"EMP","employed","answered",,"web",1
"P000082",2022,"INC","3560","answered",,"web",1
"P000082",2022,"LSAT","7","answered",,"web",1
"P000082",2022,"TRN","8","answered",,"web",1
"P000084",2022,"EMP","unemployed","answered",,"paper",1
"P000084",2022,"INC",,"not_applicable","not_applicable","paper",0
"P000084",2022,"LSAT","6","answered",,"paper",1
"P000084",2022,"TRN",,"not_applicable","not_applicable","paper",0
"P000086",2022,"EMP","employed","answered",,"web",1
"P000086",2022,"INC","3260","answered",,"web",1
"P000086",2022,"LSAT","7","answered",,"web",1
"P000086",2022,"TRN","6","answered",,"web",1
"P000088",2022,"EMP","employed","answered",,"web",1
"P000088",2022,"INC","2250","answered",,"web",1
"P000088",2022,"LSAT","7","answered",,"web",1
"P000088",2022,"TRN","3","answered",,"web",1
"P000089",2022,"EMP","retired","answered",,"web",1
"P000089",2022,"INC",,"not_applicable","not_applicable","web",0
"P000089",2022,"LSAT","6","answered",,"web",1
"P000089",2022,"TRN",,"not_applicable","not_applicable","web",0
"P000090",2022,"EMP","employed","answered",,"web",1
"P000090",2022,"INC","2740","answered",,"web",1
"P000090",2022,"LSAT","7","answered",,"web",1
"P000090",2022,"TRN","7","answered",,"web",1
"P000093",2022,"EMP","retired","answered",,"web",1
"P000093",2022,"INC",,"not_applicable","not_applicable","web",0
"P000093",2022,"LSAT","7","answered",,"web",1
"P000093",2022,"TRN",,"not_applicable","not_applicable","web",0
"P000094",2022,"EMP","retired","answered",,"web",1
"P000094",2022,"INC",,"not_applicable","not_applicable","web",0
"P000094",2022,"LSAT","7","answered",,"web",1
"P000094",2022,"TRN",,"not_applicable","not_applicable","web",0
"P000095",2022,"EMP","employed","answered",,"web",1
"P000095",2022,"INC","1150","answered",,"web",1
"P000095",2022,"LSAT","6","answered",,"web",1
"P000095",2022,"TRN","2","answered",,"web",1
"P000097",2022,"EMP","unemployed","answered",,"phone",1
"P000097",2022,"INC",,"not_applicable","not_applicable","phone",0
"P000097",2022,"LSAT","6","answered",,"phone",1
"P000097",2022,"TRN",,"not_applicable","not_applicable","phone",0
"P000098",2022,"EMP","unemployed","answered",,"web",1
"P000098",2022,"INC",,"not_applicable","not_applicable","web",0
"P000098",2022,"LSAT","6","answered",,"web",1
"P000098",2022,"TRN",,"not_applicable","not_applicable","web",0
"P000099",2022,"EMP","unemployed","answered",,"web",1
"P000099",2022,"INC",,"not_applicable","not_applicable","web",0
"P000099",2022,"LSAT","5","answered",,"web",1
"P000099",2022,"TRN",,"not_applicable","not_applicable","web",0
"P000101",2022,"EMP","not_in_labor_force","answered",,"phone",1
"P000101",2022,"INC",,"not_applicable","not_applicable","phone",0
"P000101",2022,"LSAT","7","answered",,"phone",1
"P000101",2022,"TRN",,"not_applicable","not_applicable","phone",0
"P000102",2022,"EMP","retired","answered",,"paper",1
"P000102",2022,"INC",,"not_applicable","not_applicable","paper",0
"P000102",2022,"LSAT","6","answered",,"paper",1
"P000102",2022,"TRN",,"not_applicable","not_applicable","paper",0
"P000103",2022,"EMP","employed","answered",,"web",1
"P000103",2022,"INC","1490","answered",,"web",1
"P000103",2022,"LSAT","7","answered",,"web",1
"P000103",2022,"TRN","7","answered",,"web",1
"P000104",2022,"EMP","unemployed","answered",,"web",1
"P000104",2022,"INC",,"not_applicable","not_applicable","web",0
"P000104",2022,"LSAT","5","answered",,"web",1
"P000104",2022,"TRN",,"not_applicable","not_applicable","web",0
"P000106",2022,"EMP","employed","answered",,"web",1
"P000106",2022,"INC","2350","answered",,"web",1
"P000106",2022,"LSAT","7","answered",,"web",1
"P000106",2022,"TRN","6","answered",,"web",1
"P000107",2022,"EMP","retired","answered",,"web",1
"P000107",2022,"INC",,"not_applicable","not_applicable","web",0
"P000107",2022,"LSAT","6","answered",,"web",1
"P000107",2022,"TRN",,"not_applicable","not_applicable","web",0
"P000108",2022,"EMP","retired","answered",,"phone",1
"P000108",2022,"INC",,"not_applicable","not_applicable","phone",0
"P000108",2022,"LSAT","6","answered",,"phone",1
"P000108",2022,"TRN",,"not_applicable","not_applicable","phone",0
"P000109",2022,"EMP","employed","answered",,"web",1
"P000109",2022,"INC","1810","answered",,"web",1
"P000109",2022,"LSAT",,"no_answer","no_answer","web",0
"P000109",2022,"TRN","5","answered",,"web",1
"P000110",2022,"EMP","employed","answered",,"paper",1
"P000110",2022,"INC","5760","answered",,"paper",1
"P000110",2022,"LSAT","7","answered",,"paper",1
"P000110",2022,"TRN","3","answered",,"paper",1
"P000111",2022,"EMP","unemployed","answered",,"phone",1
"P000111",2022,"INC",,"not_applicable","not_applicable","phone",0
"P000111",2022,"LSAT","6","answered",,"phone",1
"P000111",2022,"TRN",,"not_applicable","not_applicable","phone",0
"P000112",2022,"EMP","not_in_labor_force","answered",,"web",1
"P000112",2022,"INC",,"not_applicable","not_applicable","web",0
"P000112",2022,"LSAT","7","answered",,"web",1
"P000112",2022,"TRN",,"not_applicable","not_applicable","web",0
"P000114",2022,"EMP","unemployed","answered",,"paper",1
"P000114",2022,"INC",,"not_applicable","not_applicable","paper",0
"P000114",2022,"LSAT","6","answered",,"paper",1
"P000114",2022,"TRN",,"not_applicable","not_applicable","paper",0
"P000115",2022,"EMP","retired","answered",,"web",1
"P000115",2022,"INC",,"not_applicable","not_applicable","web",0
"P000115",2022,"LSAT","6","answered",,"web",1
"P000115",2022,"TRN",,"not_applicable","not_applicable","web",0
"P000116",2022,"EMP","not_in_labor_force","answered",,"paper",1
"P000116",2022,"INC",,"not_applicable","not_applicable","paper",0
"P000116",2022,"LSAT","6","answered",,"paper",1
"P000116",2022,"TRN",,"not_applicable","not_applicable","paper",0
"P000117",2022,"EMP","employed","answered",,"phone",1
"P000117",2022,"INC","1800","answered",,"phone",1
"P000117",2022,"LSAT","7","answered",,"phone",1
"P000117",2022,"TRN","7","answered",,"phone",1
"P000118",2022,"EMP","employed","answered",,"web",1
"P000118",2022,"INC","1690","answered",,"web",1
"P000118",2022,"LSAT","7","answered",,"web",1
"P000118",2022,"TRN","6","answered",,"web",1
"P000119",2022,"EMP","unemployed","answered",,"web",1
"P000119",2022,"INC",,"not_applicable","not_applicable","web",0
"P000119",2022,"LSAT","6","answered",,"web",1
"P000119",2022,"TRN",,"not_applicable","not_applicable","web",0
"P000120",2022,"EMP","not_in_labor_force","answered",,"paper",1
"P000120",2022,"INC",,"not_applicable","not_applicable","paper",0
"P000120",2022,"LSAT",,"no_answer","no_answer","paper",0
"P000120",2022,"TRN",,"not_applicable","not_applicable","paper",0
"P000121",2022,"EMP","retired","answered",,"web",1
"P000121",2022,"INC",,"not_applicable","not_applicable","web",0
"P000121",2022,"LSAT","6","answered",,"web",1
"P000121",2022,"TRN",,"not_applicable","not_applicable","web",0
"P000122",2022,"EMP","retired","answered",,"web",1
"P000122",2022,"INC",,"not_applicable","not_applicable","web",0
"P000122",2022,"LSAT","6","answered",,"web",1
"P000122",2022,"TRN",,"not_applicable","not_applicable","web",0
"P000124",2022,"EMP","retired","answered",,"web",1
"P000124",2022,"INC",,"not_applicable","not_applicable","web",0
"P000124",2022,"LSAT","6","answered",,"web",1
"P000124",2022,"TRN",,"not_applicable","not_applicable","web",0
"P000126",2022,"EMP","not_in_labor_force","answered",,"web",1
"P000126",2022,"INC",,"not_applicable","not_applicable","web",0
"P000126",2022,"LSAT","6","answered",,"web",1
"P000126",2022,"TRN",,"not_applicable","not_applicable","web",0
"P000127",2022,"EMP","employed","answered",,"web",1
"P000127",2022,"INC","3520","answered",,"web",1
"P000127",2022,"LSAT","7","answered",,"web",1
"P000127",2022,"TRN","4","answered",,"web",1
"P000128",2022,"EMP","unemployed","answered",,"web",1
"P000128",2022,"INC",,"not_applicable","not_applicable","web",0
"P000128",2022,"LSAT","6","answered",,"web",1
"P000128",2022,"TRN",,"not_applicable","not_applicable","web",0
"P000130",2022,"EMP","retired","answered",,"web",1
"P000130",2022,"INC",,"not_applicable","not_applicable","web",0
"P000130",2022,"LSAT","7","answered",,"web",1
"P000130",2022,"TRN",,"not_applicable","not_applicable","web",0
"P000131",2022,"EMP","employed","answered",,"phone",1
"P000131",2022,"INC","1350","answered",,"phone",1
"P000131",2022,"LSAT","6","answered",,"phone",1
"P000131",2022,"TRN","4","answered",,"phone",1
"P000132",2022,"EMP","unemployed","answered",,"web",1
"P000132",2022,"INC",,"not_applicable","not_applicable","web",0
"P000132",2022,"LSAT","5","answered",,"web",1
"P000132",2022,"TRN",,"not_applicable","not_applicable","web",0
"P000134",2022,"EMP","not_in_labor_force","answered",,"phone",1
"P000134",2022,"INC",,"not_applicable","not_applicable","phone",0
"P000134",2022,"LSAT","6","answered",,"phone",1
"P000134",2022,"TRN",,"not_applicable","not_applicable","phone",0
"P000135",2022,"EMP","unemployed","answered",,"phone",1
"P000135",2022,"INC",,"not_applicable","not_applicable","phone",0
"P000135",2022,"LSAT","6","answered",,"phone",1
"P000135",2022,"TRN",,"not_applicable","not_applicable","phone",0
"P000137",2022,"EMP","employed","answered",,"paper",1
"P000137",2022,"INC","3960","answered",,"paper",1
"P000137",2022,"LSAT","7","answered",,"paper",1
"P000137",2022,"TRN","5","answered",,"paper",1
"P000138",2022,"EMP","employed","answered",,"web",1
"P000138",2022,"INC","2400","answered",,"web",1
"P000138",2022,"LSAT","7","answered",,"web",1
"P000138",2022,"TRN","6","answered",,"web",1
"P000139",2022,"EMP","employed","answered",,"web",1
"P000139",2022,"INC","3280","answered",,"web",1
"P000139",2022,"LSAT","7","answered",,"web",1
"P000139",2022,"TRN","6","answered",,"web",1
"P000140",2022,"EMP","employed","answered",,"phone",1
"P000140",2022,"INC","1620","answered",,"phone",1
"P000140",2022,"LSAT","7","answered",,"phone",1
"P000140",2022,"TRN","9","answered",,"phone",1
"P000141",2022,"EMP","unemployed","answered",,"web",1
"P000141",2022,"INC",,"not_applicable","not_applicable","web",0
"P000141",2022,"LSAT","6","answered",,"web",1
"P000141",2022,"TRN",,"not_applicable","not_applicable","web",0
"P000142",2022,"EMP","employed","answered",,"web",1
"P000142",2022,"INC","1040","answered",,"web",1
"P000142",2022,"LSAT","6","answered",,"web",1
"P000142",2022,"TRN","4","answered",,"web",1
"P000143",2022,"EMP","employed","answered",,"web",1
"P000143",2022,"INC","2560","answered",,"web",1
"P000143",2022,"LSAT","7","answered",,"web",1
"P000143",2022,"TRN","7","answered",,"web",1
"P000144",2022,"EMP","employed","answered",,"web",1
"P000144",2022,"INC","2100","answered",,"web",1
"P000144",2022,"LSAT","7","answered",,"web",1
"P000144",2022,"TRN","8","answered",,"web",1
"P000145",2022,"EMP","employed","answered",,"web",1
"P000145",2022,"INC","2010","answered",,"web",1
"P000145",2022,"LSAT","6","answered",,"web",1
"P000145",2022,"TRN","4","answered",,"web",1
"P000147",2022,"EMP","employed","answered",,"web",1
"P000147",2022,"INC","2060","answered",,"web",1
"P000147",2022,"LSAT","7","answered",,"web",1
"P000147",2022,"TRN","3","answered",,"web",1
"P000148",2022,"EMP","employed","answered",,"paper",1
"P000148",2022,"INC",,"no_answer","no_answer","paper",0
"P000148",2022,"LSAT","7","answered",,"paper",1
"P000148",2022,"TRN","6","answered",,"paper",1
"P000149",2022,"EMP","retired","answered",,"paper",1
"P000149",2022,"INC",,"not_applicable","not_applicable","paper",0
"P000149",2022,"LSAT","6","answered",,"paper",1
"P000149",2022,"TRN",,"not_applicable","not_applicable","paper",0
"P000150",2022,"EMP","retired","answered",,"web",1
"P000150",2022,"INC",,"not_applicable","not_applicable","web",0
"P000150",2022,"LSAT","6","answered",,"web",1
"P000150",2022,"TRN",,"not_applicable","not_applicable","web",0
"P000151",2022,"EMP","retired","answered",,"phone",1
"P000151",2022,"INC",,"not_applicable","not_applicable","phone",0
"P000151",2022,"LSAT","6","answered",,"phone",1
"P000151",2022,"TRN",,"not_applicable","not_applicable","phone",0
"P000152",2022,"EMP","employed","answered",,"web",1
"P000152",2022,"INC","2320","answered",,"web",1
"P000152",2022,"LSAT","7","answered",,"web",1
"P000152",2022,"TRN","6","answered",,"web",1
"P000154",2022,"EMP","employed","answered",,"web",1
"P000154",2022,"INC","1140","answered",,"web",1
"P000154",2022,"LSAT","6","answered",,"web",1
"P000154",2022,"TRN","7","answered",,"web",1
"P000155",2022,"EMP","retired","answered",,"web",1
"P000155",2022,"INC",,"not_applicable","not_applicable","web",0
"P000155",2022,"LSAT","6","answered",,"web",1
"P000155",2022,"TRN",,"not_applicable","not_applicable","web",0
